timestamp,site_id,equipment_id,equipment_type,machine_state,energy_kwh,temperature_c,pressure_bar,flow_m3_h,date,hour_of_day,is_running,energy_per_flow
2026-01-05 00:00:00,ARRAS,ARR-PK-01,PACKAGING_LINE,STOPPED,1.154,22.442,0.164,1.517,2026-01-05,0,False,0.7607119314436388
2026-01-05 00:15:00,ARRAS,ARR-PK-01,PACKAGING_LINE,RUNNING,15.567,28.484,1.845,85.615,2026-01-05,0,True,0.18182561467032649
2026-01-05 00:30:00,ARRAS,ARR-PK-01,PACKAGING_LINE,IDLE,5.101,26.209,0.786,16.342,2026-01-05,0,False,0.312140496879207
2026-01-05 00:45:00,ARRAS,ARR-PK-01,PACKAGING_LINE,IDLE,5.092,24.947,0.874,15.999,2026-01-05,0,False,0.3182698918682417
2026-01-05 01:00:00,ARRAS,ARR-PK-01,PACKAGING_LINE,IDLE,5.424,26.523,0.794,16.08,2026-01-05,1,False,0.33731343283582094
2026-01-05 01:15:00,ARRAS,ARR-PK-01,PACKAGING_LINE,RUNNING,15.487,28.027,1.874,70.547,2026-01-05,1,True,0.21952740726040795
2026-01-05 01:30:00,ARRAS,ARR-PK-01,PACKAGING_LINE,IDLE,4.772,26.037,0.727,16.774,2026-01-05,1,False,0.2844878979372839
2026-01-05 01:45:00,ARRAS,ARR-PK-01,PACKAGING_LINE,IDLE,5.318,26.097,0.813,15.337,2026-01-05,1,False,0.3467431701114951
2026-01-05 02:00:00,ARRAS,ARR-PK-01,PACKAGING_LINE,RUNNING,14.469,27.881,1.686,81.746,2026-01-05,2,True,0.1769994862133927
2026-01-05 02:15:00,ARRAS,ARR-PK-01,PACKAGING_LINE,STOPPED,1.107,22.896,0.245,1.941,2026-01-05,2,False,0.5703245749613601
2026-01-05 02:30:00,ARRAS,ARR-PK-01,PACKAGING_LINE,STOPPED,0.951,23.953,0.257,1.724,2026-01-05,2,False,0.5516241299303944
2026-01-05 02:45:00,ARRAS,ARR-PK-01,PACKAGING_LINE,IDLE,5.396,25.977,0.85,14.831,2026-01-05,2,False,0.3638325129795698
2026-01-05 03:00:00,ARRAS,ARR-PK-01,PACKAGING_LINE,RUNNING,15.984,27.996,1.723,86.0,2026-01-05,3,True,0.18586046511627907
2026-01-05 03:15:00,ARRAS,ARR-PK-01,PACKAGING_LINE,RUNNING,16.555,27.945,1.811,87.274,2026-01-05,3,True,0.18968994202167885
2026-01-05 03:30:00,ARRAS,ARR-PK-01,PACKAGING_LINE,IDLE,4.957,26.991,0.79,15.643,2026-01-05,3,False,0.31688295084063156
2026-01-05 03:45:00,ARRAS,ARR-PK-01,PACKAGING_LINE,RUNNING,15.165,28.551,1.862,81.355,2026-01-05,3,True,0.1864052608936144
2026-01-05 04:00:00,ARRAS,ARR-PK-01,PACKAGING_LINE,RUNNING,14.228,27.821,1.783,76.831,2026-01-05,4,True,0.18518566724369068
2026-01-05 04:15:00,ARRAS,ARR-PK-01,PACKAGING_LINE,RUNNING,16.644,26.098,1.786,78.384,2026-01-05,4,True,0.21233925290875685
2026-01-05 04:30:00,ARRAS,ARR-PK-01,PACKAGING_LINE,MAINTENANCE,1.3,21.493,0.28,1.572,2026-01-05,4,False,0.8269720101781171
2026-01-05 04:45:00,ARRAS,ARR-PK-01,PACKAGING_LINE,RUNNING,15.455,27.525,1.768,72.709,2026-01-05,4,True,0.21255965561347287
2026-01-05 05:00:00,ARRAS,ARR-PK-01,PACKAGING_LINE,STOPPED,1.096,22.284,0.145,1.489,2026-01-05,5,False,0.7360644728005373
2026-01-05 05:15:00,ARRAS,ARR-PK-01,PACKAGING_LINE,RUNNING,13.782,28.354,1.823,78.791,2026-01-05,5,True,0.17491845515350737
2026-01-05 05:30:00,ARRAS,ARR-PK-01,PACKAGING_LINE,IDLE,5.12,27.802,0.727,17.436,2026-01-05,5,False,0.29364533149805
2026-01-05 05:45:00,ARRAS,ARR-PK-01,PACKAGING_LINE,RUNNING,16.552,28.023,1.787,73.557,2026-01-05,5,True,0.22502277145614963
2026-01-05 06:00:00,ARRAS,ARR-PK-01,PACKAGING_LINE,IDLE,5.098,25.37,0.867,16.383,2026-01-05,6,False,0.31117621925166333
2026-01-05 06:15:00,ARRAS,ARR-PK-01,PACKAGING_LINE,RUNNING,14.439,28.248,1.784,87.459,2026-01-05,6,True,0.16509450142352416
2026-01-05 06:30:00,ARRAS,ARR-PK-01,PACKAGING_LINE,RUNNING,13.974,27.489,1.734,80.338,2026-01-05,6,True,0.1739401030645523
2026-01-05 06:45:00,ARRAS,ARR-PK-01,PACKAGING_LINE,IDLE,5.388,26.107,0.822,15.133,2026-01-05,6,False,0.3560430846494416
2026-01-05 07:00:00,ARRAS,ARR-PK-01,PACKAGING_LINE,RUNNING,15.608,27.293,1.981,80.043,2026-01-05,7,True,0.19499519008532912
2026-01-05 07:15:00,ARRAS,ARR-PK-01,PACKAGING_LINE,RUNNING,14.82,27.586,1.775,78.096,2026-01-05,7,True,0.18976644130301168
2026-01-05 07:30:00,ARRAS,ARR-PK-01,PACKAGING_LINE,IDLE,5.181,27.124,0.81,16.771,2026-01-05,7,False,0.308926122473317
2026-01-05 07:45:00,ARRAS,ARR-PK-01,PACKAGING_LINE,IDLE,5.41,26.676,0.784,17.166,2026-01-05,7,False,0.3151578702085518
2026-01-05 08:00:00,ARRAS,ARR-PK-01,PACKAGING_LINE,RUNNING,14.215,26.914,1.882,80.031,2026-01-05,8,True,0.17761867276430382
2026-01-05 08:15:00,ARRAS,ARR-PK-01,PACKAGING_LINE,RUNNING,15.202,29.254,1.911,80.36,2026-01-05,8,True,0.18917371826779492
2026-01-05 08:30:00,ARRAS,ARR-PK-01,PACKAGING_LINE,IDLE,5.579,25.939,0.823,16.226,2026-01-05,8,False,0.3438308886971527
2026-01-05 08:45:00,ARRAS,ARR-PK-01,PACKAGING_LINE,RUNNING,14.95,27.612,1.742,87.608,2026-01-05,8,True,0.17064651629988128
2026-01-05 09:00:00,ARRAS,ARR-PK-01,PACKAGING_LINE,RUNNING,15.221,26.61,1.952,89.346,2026-01-05,9,True,0.1703601728113178
2026-01-05 09:15:00,ARRAS,ARR-PK-01,PACKAGING_LINE,RUNNING,14.885,27.979,1.754,76.514,2026-01-05,9,True,0.1945395613874585
2026-01-05 09:30:00,ARRAS,ARR-PK-01,PACKAGING_LINE,RUNNING,14.642,27.653,1.707,83.209,2026-01-05,9,True,0.17596654208078452
2026-01-05 09:45:00,ARRAS,ARR-PK-01,PACKAGING_LINE,IDLE,5.374,26.186,0.811,14.932,2026-01-05,9,False,0.35989820519689253
2026-01-05 10:00:00,ARRAS,ARR-PK-01,PACKAGING_LINE,RUNNING,15.761,27.833,1.837,82.48,2026-01-05,10,True,0.19108874878758486
2026-01-05 10:15:00,ARRAS,ARR-PK-01,PACKAGING_LINE,RUNNING,13.85,27.626,1.702,75.651,2026-01-05,10,True,0.18307755350226698
2026-01-05 10:30:00,ARRAS,ARR-PK-01,PACKAGING_LINE,RUNNING,15.761,26.994,1.772,84.579,2026-01-05,10,True,0.18634649262819378
2026-01-05 10:45:00,ARRAS,ARR-PK-01,PACKAGING_LINE,RUNNING,14.99,27.297,1.945,82.873,2026-01-05,10,True,0.1808791765713803
2026-01-05 11:00:00,ARRAS,ARR-PK-01,PACKAGING_LINE,STOPPED,1.102,23.011,0.113,1.601,2026-01-05,11,False,0.688319800124922
2026-01-05 11:15:00,ARRAS,ARR-PK-01,PACKAGING_LINE,RUNNING,17.624,27.655,1.835,79.142,2026-01-05,11,True,0.22268833236461044
2026-01-05 11:30:00,ARRAS,ARR-PK-01,PACKAGING_LINE,IDLE,4.977,25.69,0.775,14.762,2026-01-05,11,False,0.33714943774556294
2026-01-05 11:45:00,ARRAS,ARR-PK-01,PACKAGING_LINE,STOPPED,1.205,22.874,0.216,1.696,2026-01-05,11,False,0.710495283018868
2026-01-05 12:00:00,ARRAS,ARR-PK-01,PACKAGING_LINE,RUNNING,16.475,28.55,1.699,79.766,2026-01-05,12,True,0.20654163428026978
2026-01-05 12:15:00,ARRAS,ARR-PK-01,PACKAGING_LINE,RUNNING,13.793,28.662,1.878,82.456,2026-01-05,12,True,0.1672770932376055
2026-01-05 12:30:00,ARRAS,ARR-PK-01,PACKAGING_LINE,RUNNING,14.867,28.713,1.752,79.809,2026-01-05,12,True,0.18628224886917516
2026-01-05 12:45:00,ARRAS,ARR-PK-01,PACKAGING_LINE,IDLE,4.945,25.824,0.747,14.866,2026-01-05,12,False,0.332638234898426
2026-01-05 13:00:00,ARRAS,ARR-PK-01,PACKAGING_LINE,RUNNING,11.5,28.525,1.782,72.318,2026-01-05,13,True,0.15901988439945797
2026-01-05 13:15:00,ARRAS,ARR-PK-01,PACKAGING_LINE,RUNNING,29.8,28.462,1.706,81.583,2026-01-05,13,True,0.36527217680153956
2026-01-05 13:30:00,ARRAS,ARR-PK-01,PACKAGING_LINE,RUNNING,14.923,26.622,1.883,84.28,2026-01-05,13,True,0.17706454674893213
2026-01-05 13:45:00,ARRAS,ARR-PK-01,PACKAGING_LINE,RUNNING,16.147,29.78,1.675,78.993,2026-01-05,13,True,0.20441051738761662
2026-01-05 14:00:00,ARRAS,ARR-PK-01,PACKAGING_LINE,RUNNING,15.234,28.379,1.811,76.895,2026-01-05,14,True,0.1981143117237792
2026-01-05 14:15:00,ARRAS,ARR-PK-01,PACKAGING_LINE,IDLE,5.26,25.811,0.824,15.403,2026-01-05,14,False,0.34149191715899496
2026-01-05 14:30:00,ARRAS,ARR-PK-01,PACKAGING_LINE,RUNNING,14.723,26.929,1.87,82.052,2026-01-05,14,True,0.1794349924438161
2026-01-05 14:45:00,ARRAS,ARR-PK-01,PACKAGING_LINE,RUNNING,13.836,28.003,1.763,82.268,2026-01-05,14,True,0.16818203918899208
2026-01-05 15:00:00,ARRAS,ARR-PK-01,PACKAGING_LINE,RUNNING,13.711,27.397,1.812,84.726,2026-01-05,15,True,0.161827538181904
2026-01-05 15:15:00,ARRAS,ARR-PK-01,PACKAGING_LINE,RUNNING,15.439,27.523,1.73,80.694,2026-01-05,15,True,0.1913277319255459
2026-01-05 15:30:00,ARRAS,ARR-PK-01,PACKAGING_LINE,RUNNING,16.613,27.305,1.649,77.111,2026-01-05,15,True,0.21544267354852095
2026-01-05 15:45:00,ARRAS,ARR-PK-01,PACKAGING_LINE,RUNNING,14.306,28.359,1.701,83.207,2026-01-05,15,True,0.17193264989724422
2026-01-05 16:00:00,ARRAS,ARR-PK-01,PACKAGING_LINE,RUNNING,15.767,28.381,1.645,79.889,2026-01-05,16,True,0.19736133885766502
2026-01-05 16:15:00,ARRAS,ARR-PK-01,PACKAGING_LINE,RUNNING,15.851,25.765,1.826,79.57,2026-01-05,16,True,0.19920824431318337
2026-01-05 16:30:00,ARRAS,ARR-PK-01,PACKAGING_LINE,RUNNING,14.65,29.588,1.757,84.49,2026-01-05,16,True,0.1733933009823648
2026-01-05 16:45:00,ARRAS,ARR-PK-01,PACKAGING_LINE,RUNNING,15.354,29.03,1.767,85.268,2026-01-05,16,True,0.18006755171928507
2026-01-05 17:00:00,ARRAS,ARR-PK-01,PACKAGING_LINE,RUNNING,14.12,27.466,1.807,77.389,2026-01-05,17,True,0.18245487084727804
2026-01-05 17:15:00,ARRAS,ARR-PK-01,PACKAGING_LINE,IDLE,5.266,25.416,0.861,16.033,2026-01-05,17,False,0.32844757687270004
2026-01-05 17:30:00,ARRAS,ARR-PK-01,PACKAGING_LINE,RUNNING,14.02,29.321,1.927,73.15,2026-01-05,17,True,0.191660970608339
2026-01-05 17:45:00,ARRAS,ARR-PK-01,PACKAGING_LINE,RUNNING,14.037,26.636,1.795,78.145,2026-01-05,17,True,0.17962761533047542
2026-01-05 18:00:00,ARRAS,ARR-PK-01,PACKAGING_LINE,RUNNING,15.078,28.975,2.028,85.005,2026-01-05,18,True,0.17737780130580555
2026-01-05 18:15:00,ARRAS,ARR-PK-01,PACKAGING_LINE,RUNNING,16.692,29.045,1.87,77.086,2026-01-05,18,True,0.21653737384220223
2026-01-05 18:30:00,ARRAS,ARR-PK-01,PACKAGING_LINE,RUNNING,13.303,29.635,1.828,80.912,2026-01-05,18,True,0.16441318963812537
2026-01-05 18:45:00,ARRAS,ARR-PK-01,PACKAGING_LINE,RUNNING,15.151,27.7,1.73,78.233,2026-01-05,18,True,0.19366507739700636
2026-01-05 19:00:00,ARRAS,ARR-PK-01,PACKAGING_LINE,MAINTENANCE,1.213,23.535,0.144,2.095,2026-01-05,19,False,0.5789976133651551
2026-01-05 19:15:00,ARRAS,ARR-PK-01,PACKAGING_LINE,IDLE,5.225,25.32,0.807,16.312,2026-01-05,19,False,0.32031633153506617
2026-01-05 19:30:00,ARRAS,ARR-PK-01,PACKAGING_LINE,RUNNING,15.223,26.906,1.824,81.986,2026-01-05,19,True,0.18567804259263776
2026-01-05 19:45:00,ARRAS,ARR-PK-01,PACKAGING_LINE,IDLE,4.925,26.536,0.843,15.88,2026-01-05,19,False,0.3101385390428211
2026-01-05 20:00:00,ARRAS,ARR-PK-01,PACKAGING_LINE,RUNNING,14.957,28.423,1.86,85.091,2026-01-05,20,True,0.17577652160628035
2026-01-05 20:15:00,ARRAS,ARR-PK-01,PACKAGING_LINE,STOPPED,1.181,22.813,0.203,1.371,2026-01-05,20,False,0.8614150255288111
2026-01-05 20:30:00,ARRAS,ARR-PK-01,PACKAGING_LINE,RUNNING,15.009,28.788,1.692,79.492,2026-01-05,20,True,0.1888114527248025
2026-01-05 20:45:00,ARRAS,ARR-PK-01,PACKAGING_LINE,RUNNING,15.226,27.988,1.735,82.481,2026-01-05,20,True,0.18460008971763195
2026-01-05 21:00:00,ARRAS,ARR-PK-01,PACKAGING_LINE,IDLE,5.25,26.869,0.819,15.586,2026-01-05,21,False,0.33684075452329015
2026-01-05 21:15:00,ARRAS,ARR-PK-01,PACKAGING_LINE,RUNNING,16.239,25.908,1.891,85.455,2026-01-05,21,True,0.1900298402668071
2026-01-05 21:30:00,ARRAS,ARR-PK-01,PACKAGING_LINE,RUNNING,14.115,27.118,1.752,78.469,2026-01-05,21,True,0.17987995259274364
2026-01-05 21:45:00,ARRAS,ARR-PK-01,PACKAGING_LINE,STOPPED,1.272,23.034,0.224,1.413,2026-01-05,21,False,0.9002123142250531
2026-01-05 22:00:00,ARRAS,ARR-PK-01,PACKAGING_LINE,RUNNING,16.4,27.113,1.79,81.03,2026-01-05,22,True,0.2023941749969147
2026-01-05 22:15:00,ARRAS,ARR-PK-01,PACKAGING_LINE,IDLE,5.453,26.887,0.832,15.278,2026-01-05,22,False,0.35691844482262075
2026-01-05 22:30:00,ARRAS,ARR-PK-01,PACKAGING_LINE,RUNNING,14.774,27.527,1.81,82.512,2026-01-05,22,True,0.17905274384331976
2026-01-05 22:45:00,ARRAS,ARR-PK-01,PACKAGING_LINE,RUNNING,15.178,27.851,1.76,77.955,2026-01-05,22,True,0.1947020717080367
2026-01-05 23:00:00,ARRAS,ARR-PK-01,PACKAGING_LINE,RUNNING,14.031,28.558,1.854,81.211,2026-01-05,23,True,0.172772161406706
2026-01-05 23:15:00,ARRAS,ARR-PK-01,PACKAGING_LINE,RUNNING,15.584,29.659,1.7,79.088,2026-01-05,23,True,0.1970463281408052
2026-01-05 23:30:00,ARRAS,ARR-PK-01,PACKAGING_LINE,STOPPED,1.368,21.001,0.189,1.323,2026-01-05,23,False,1.034013605442177
2026-01-05 23:45:00,ARRAS,ARR-PK-01,PACKAGING_LINE,IDLE,4.558,26.166,0.76,15.988,2026-01-05,23,False,0.28508881661245933
2026-01-05 00:00:00,ARRAS,ARR-PM-01,PUMP,STOPPED,0.65,26.27,0.323,2.428,2026-01-05,0,False,0.26771004942339377
2026-01-05 00:15:00,ARRAS,ARR-PM-01,PUMP,IDLE,3.98,27.694,1.441,25.344,2026-01-05,0,False,0.1570391414141414
2026-01-05 00:30:00,ARRAS,ARR-PM-01,PUMP,IDLE,3.788,28.875,1.518,24.361,2026-01-05,0,False,0.15549443783095931
2026-01-05 00:45:00,ARRAS,ARR-PM-01,PUMP,MAINTENANCE,0.949,25.882,0.352,2.369,2026-01-05,0,False,0.40059096665259597
2026-01-05 01:00:00,ARRAS,ARR-PM-01,PUMP,RUNNING,11.134,29.427,3.594,118.827,2026-01-05,1,True,0.09369924343793919
2026-01-05 01:15:00,ARRAS,ARR-PM-01,PUMP,RUNNING,11.647,30.959,3.602,110.451,2026-01-05,1,True,0.10544947533295308
2026-01-05 01:30:00,ARRAS,ARR-PM-01,PUMP,RUNNING,10.601,29.751,3.208,117.865,2026-01-05,1,True,0.08994188266236798
2026-01-05 01:45:00,ARRAS,ARR-PM-01,PUMP,RUNNING,11.356,32.04,3.184,118.255,2026-01-05,1,True,0.09602976618324807
2026-01-05 02:00:00,ARRAS,ARR-PM-01,PUMP,RUNNING,11.142,31.004,3.339,128.566,2026-01-05,2,True,0.08666365913227447
2026-01-05 02:15:00,ARRAS,ARR-PM-01,PUMP,IDLE,3.428,28.677,1.531,25.106,2026-01-05,2,False,0.13654106588066597
2026-01-05 02:30:00,ARRAS,ARR-PM-01,PUMP,RUNNING,11.98,30.427,3.588,127.114,2026-01-05,2,True,0.09424610979121104
2026-01-05 02:45:00,ARRAS,ARR-PM-01,PUMP,RUNNING,11.138,29.08,3.492,120.4,2026-01-05,2,True,0.09250830564784053
2026-01-05 03:00:00,ARRAS,ARR-PM-01,PUMP,RUNNING,11.871,31.263,3.388,118.186,2026-01-05,3,True,0.10044336892694566
2026-01-05 03:15:00,ARRAS,ARR-PM-01,PUMP,IDLE,3.712,29.366,1.555,26.345,2026-01-05,3,False,0.14089960144239896
2026-01-05 03:30:00,ARRAS,ARR-PM-01,PUMP,RUNNING,10.455,30.981,3.489,111.089,2026-01-05,3,True,0.09411372863199777
2026-01-05 03:45:00,ARRAS,ARR-PM-01,PUMP,RUNNING,10.195,30.198,3.35,124.592,2026-01-05,3,True,0.08182708360087325
2026-01-05 04:00:00,ARRAS,ARR-PM-01,PUMP,RUNNING,10.751,30.445,3.385,122.022,2026-01-05,4,True,0.08810706266083164
2026-01-05 04:15:00,ARRAS,ARR-PM-01,PUMP,MAINTENANCE,1.201,24.822,0.303,2.175,2026-01-05,4,False,0.5521839080459771
2026-01-05 04:30:00,ARRAS,ARR-PM-01,PUMP,IDLE,4.392,28.641,1.479,22.145,2026-01-05,4,False,0.1983291939489727
2026-01-05 04:45:00,ARRAS,ARR-PM-01,PUMP,RUNNING,10.675,31.265,3.237,127.044,2026-01-05,4,True,0.08402600673782312
2026-01-05 05:00:00,ARRAS,ARR-PM-01,PUMP,IDLE,3.964,28.403,1.501,21.904,2026-01-05,5,False,0.18097151205259313
2026-01-05 05:15:00,ARRAS,ARR-PM-01,PUMP,MAINTENANCE,0.396,25.219,0.315,2.343,2026-01-05,5,False,0.16901408450704225
2026-01-05 05:30:00,ARRAS,ARR-PM-01,PUMP,RUNNING,11.275,32.284,3.633,114.541,2026-01-05,5,True,0.09843636776350827
2026-01-05 05:45:00,ARRAS,ARR-PM-01,PUMP,RUNNING,10.932,30.403,3.376,128.919,2026-01-05,5,True,0.08479743094501198
2026-01-05 06:00:00,ARRAS,ARR-PM-01,PUMP,IDLE,3.955,28.599,1.537,22.079,2026-01-05,6,False,0.1791294895602156
2026-01-05 06:15:00,ARRAS,ARR-PM-01,PUMP,IDLE,3.388,29.227,1.454,26.611,2026-01-05,6,False,0.12731577167336816
2026-01-05 06:30:00,ARRAS,ARR-PM-01,PUMP,RUNNING,12.559,30.085,3.797,135.884,2026-01-05,6,True,0.09242442082953108
2026-01-05 06:45:00,ARRAS,ARR-PM-01,PUMP,IDLE,3.865,30.184,1.568,26.557,2026-01-05,6,False,0.1455360168693753
2026-01-05 07:00:00,ARRAS,ARR-PM-01,PUMP,RUNNING,11.103,30.101,3.275,118.812,2026-01-05,7,True,0.09345015654984345
2026-01-05 07:15:00,ARRAS,ARR-PM-01,PUMP,RUNNING,10.228,30.912,3.712,129.83,2026-01-05,7,True,0.07877994300238773
2026-01-05 07:30:00,ARRAS,ARR-PM-01,PUMP,RUNNING,11.782,29.257,3.303,124.503,2026-01-05,7,True,0.09463225785724039
2026-01-05 07:45:00,ARRAS,ARR-PM-01,PUMP,RUNNING,11.067,31.514,3.379,133.987,2026-01-05,7,True,0.0825975654354527
2026-01-05 08:00:00,ARRAS,ARR-PM-01,PUMP,RUNNING,10.67,31.265,3.336,125.142,2026-01-05,8,True,0.0852631410717425
2026-01-05 08:15:00,ARRAS,ARR-PM-01,PUMP,IDLE,3.513,29.006,1.511,23.151,2026-01-05,8,False,0.15174290527407022
2026-01-05 08:30:00,ARRAS,ARR-PM-01,PUMP,IDLE,4.174,28.74,1.493,24.043,2026-01-05,8,False,0.17360562325832885
2026-01-05 08:45:00,ARRAS,ARR-PM-01,PUMP,IDLE,4.029,30.214,1.394,24.196,2026-01-05,8,False,0.16651512646718464
2026-01-05 09:00:00,ARRAS,ARR-PM-01,PUMP,RUNNING,10.856,30.748,3.657,122.451,2026-01-05,9,True,0.08865587051146989
2026-01-05 09:15:00,ARRAS,ARR-PM-01,PUMP,IDLE,3.657,27.712,1.43,25.207,2026-01-05,9,False,0.1450787479668346
2026-01-05 09:30:00,ARRAS,ARR-PM-01,PUMP,RUNNING,10.976,30.878,3.269,119.791,2026-01-05,9,True,0.09162624905042951
2026-01-05 09:45:00,ARRAS,ARR-PM-01,PUMP,RUNNING,10.544,29.885,3.244,120.731,2026-01-05,9,True,0.08733465307170488
2026-01-05 10:00:00,ARRAS,ARR-PM-01,PUMP,RUNNING,10.903,30.954,3.293,119.116,2026-01-05,10,True,0.09153262366096915
2026-01-05 10:15:00,ARRAS,ARR-PM-01,PUMP,STOPPED,1.244,26.154,0.298,1.917,2026-01-05,10,False,0.6489306207616067
2026-01-05 10:30:00,ARRAS,ARR-PM-01,PUMP,IDLE,3.931,29.244,1.554,24.631,2026-01-05,10,False,0.1595956315212537
2026-01-05 10:45:00,ARRAS,ARR-PM-01,PUMP,RUNNING,11.207,30.327,3.295,123.499,2026-01-05,10,True,0.09074567405404094
2026-01-05 11:00:00,ARRAS,ARR-PM-01,PUMP,RUNNING,9.157,29.876,3.431,129.003,2026-01-05,11,True,0.07098284536018543
2026-01-05 11:15:00,ARRAS,ARR-PM-01,PUMP,IDLE,3.59,27.585,1.532,23.469,2026-01-05,11,False,0.15296774468447738
2026-01-05 11:30:00,ARRAS,ARR-PM-01,PUMP,RUNNING,10.788,30.897,3.483,120.218,2026-01-05,11,True,0.08973697782362042
2026-01-05 11:45:00,ARRAS,ARR-PM-01,PUMP,RUNNING,9.942,31.657,3.154,115.234,2026-01-05,11,True,0.08627661974764393
2026-01-05 12:00:00,ARRAS,ARR-PM-01,PUMP,RUNNING,10.808,30.952,3.466,131.724,2026-01-05,12,True,0.08205034769669917
2026-01-05 12:15:00,ARRAS,ARR-PM-01,PUMP,IDLE,3.78,29.041,1.655,25.232,2026-01-05,12,False,0.14980976537729868
2026-01-05 12:30:00,ARRAS,ARR-PM-01,PUMP,IDLE,3.795,28.913,1.578,23.549,2026-01-05,12,False,0.16115333984457939
2026-01-05 12:45:00,ARRAS,ARR-PM-01,PUMP,STOPPED,0.595,25.322,0.328,2.106,2026-01-05,12,False,0.2825261158594492
2026-01-05 13:00:00,ARRAS,ARR-PM-01,PUMP,RUNNING,11.256,31.588,3.468,114.866,2026-01-05,13,True,0.09799244336879495
2026-01-05 13:15:00,ARRAS,ARR-PM-01,PUMP,IDLE,3.66,30.272,1.647,26.762,2026-01-05,13,False,0.13676107914206712
2026-01-05 13:30:00,ARRAS,ARR-PM-01,PUMP,RUNNING,9.214,30.987,3.538,122.129,2026-01-05,13,True,0.0754448165464386
2026-01-05 13:45:00,ARRAS,ARR-PM-01,PUMP,IDLE,3.637,30.255,1.589,23.662,2026-01-05,13,False,0.1537063646352802
2026-01-05 14:00:00,ARRAS,ARR-PM-01,PUMP,RUNNING,11.518,31.138,3.558,119.675,2026-01-05,14,True,0.09624399415082516
2026-01-05 14:15:00,ARRAS,ARR-PM-01,PUMP,RUNNING,11.654,30.643,3.315,112.025,2026-01-05,14,True,0.10403035036822138
2026-01-05 14:30:00,ARRAS,ARR-PM-01,PUMP,RUNNING,10.132,29.872,3.387,117.584,2026-01-05,14,True,0.0861681861477752
2026-01-05 14:45:00,ARRAS,ARR-PM-01,PUMP,RUNNING,10.777,29.72,3.392,114.775,2026-01-05,14,True,0.09389675451971247
2026-01-05 15:00:00,ARRAS,ARR-PM-01,PUMP,RUNNING,11.566,31.026,3.331,123.667,2026-01-05,15,True,0.09352535437909872
2026-01-05 15:15:00,ARRAS,ARR-PM-01,PUMP,RUNNING,11.276,31.938,3.269,117.928,2026-01-05,15,True,0.09561766501594193
2026-01-05 15:30:00,ARRAS,ARR-PM-01,PUMP,RUNNING,10.823,31.327,3.302,116.93,2026-01-05,15,True,0.09255965107329171
2026-01-05 15:45:00,ARRAS,ARR-PM-01,PUMP,RUNNING,10.83,31.89,3.652,126.55,2026-01-05,15,True,0.08557882259976295
2026-01-05 16:00:00,ARRAS,ARR-PM-01,PUMP,IDLE,4.148,28.845,1.559,25.028,2026-01-05,16,False,0.16573437749720313
2026-01-05 16:15:00,ARRAS,ARR-PM-01,PUMP,RUNNING,10.757,32.029,3.534,122.481,2026-01-05,16,True,0.08782586686914705
2026-01-05 16:30:00,ARRAS,ARR-PM-01,PUMP,RUNNING,10.737,31.037,3.399,124.515,2026-01-05,16,True,0.0862305746295627
2026-01-05 16:45:00,ARRAS,ARR-PM-01,PUMP,RUNNING,10.638,30.659,3.491,123.185,2026-01-05,16,True,0.08635791695417461
2026-01-05 17:00:00,ARRAS,ARR-PM-01,PUMP,IDLE,3.691,30.053,1.548,22.988,2026-01-05,17,False,0.16056203236471203
2026-01-05 17:30:00,ARRAS,ARR-PM-01,PUMP,RUNNING,11.418,30.797,3.262,134.264,2026-01-05,17,True,0.08504141095155811
2026-01-05 17:45:00,ARRAS,ARR-PM-01,PUMP,STOPPED,0.801,27.161,0.275,2.422,2026-01-05,17,False,0.3307184145334434
2026-01-05 18:00:00,ARRAS,ARR-PM-01,PUMP,RUNNING,10.135,32.203,3.348,121.838,2026-01-05,18,True,0.08318422823749569
2026-01-05 18:15:00,ARRAS,ARR-PM-01,PUMP,RUNNING,10.306,30.36,3.328,113.104,2026-01-05,18,True,0.09111967746498797
2026-01-05 18:30:00,ARRAS,ARR-PM-01,PUMP,STOPPED,0.575,26.292,0.302,2.494,2026-01-05,18,False,0.23055332798716918
2026-01-05 18:45:00,ARRAS,ARR-PM-01,PUMP,RUNNING,11.494,29.496,3.265,123.814,2026-01-05,18,True,0.09283279758347199
2026-01-05 19:00:00,ARRAS,ARR-PM-01,PUMP,IDLE,3.867,30.274,1.507,21.933,2026-01-05,19,False,0.1763096703597319
2026-01-05 19:15:00,ARRAS,ARR-PM-01,PUMP,RUNNING,11.753,30.938,3.269,124.163,2026-01-05,19,True,0.09465782882179072
2026-01-05 19:30:00,ARRAS,ARR-PM-01,PUMP,MAINTENANCE,0.79,25.088,0.352,2.126,2026-01-05,19,False,0.37158984007525875
2026-01-05 19:45:00,ARRAS,ARR-PM-01,PUMP,STOPPED,0.602,25.744,0.414,2.661,2026-01-05,19,False,0.22623074032318677
2026-01-05 20:00:00,ARRAS,ARR-PM-01,PUMP,IDLE,3.646,29.992,1.699,24.945,2026-01-05,20,False,0.14616155542192824
2026-01-05 20:15:00,ARRAS,ARR-PM-01,PUMP,IDLE,3.538,29.858,1.593,23.728,2026-01-05,20,False,0.14910654079568442
2026-01-05 20:30:00,ARRAS,ARR-PM-01,PUMP,RUNNING,10.957,32.11,3.222,119.068,2026-01-05,20,True,0.09202304565458394
2026-01-05 20:45:00,ARRAS,ARR-PM-01,PUMP,IDLE,3.633,29.29,1.541,22.416,2026-01-05,20,False,0.16207173447537473
2026-01-05 21:00:00,ARRAS,ARR-PM-01,PUMP,IDLE,3.821,29.16,1.58,24.76,2026-01-05,21,False,0.15432148626817446
2026-01-05 21:15:00,ARRAS,ARR-PM-01,PUMP,MAINTENANCE,1.234,27.235,0.367,2.602,2026-01-05,21,False,0.4742505764796311
2026-01-05 21:30:00,ARRAS,ARR-PM-01,PUMP,IDLE,3.921,29.963,1.465,24.192,2026-01-05,21,False,0.162078373015873
2026-01-05 21:45:00,ARRAS,ARR-PM-01,PUMP,IDLE,3.768,29.667,1.541,23.449,2026-01-05,21,False,0.16068915518785448
2026-01-05 22:00:00,ARRAS,ARR-PM-01,PUMP,STOPPED,0.7,25.06,0.414,3.14,2026-01-05,22,False,0.22292993630573246
2026-01-05 22:15:00,ARRAS,ARR-PM-01,PUMP,RUNNING,11.178,31.489,3.081,114.442,2026-01-05,22,True,0.09767393089949496
2026-01-05 22:30:00,ARRAS,ARR-PM-01,PUMP,RUNNING,10.651,31.334,3.308,115.07,2026-01-05,22,True,0.09256104979577649
2026-01-05 22:45:00,ARRAS,ARR-PM-01,PUMP,RUNNING,10.67,30.595,3.287,116.74,2026-01-05,22,True,0.09139969162240877
2026-01-05 23:00:00,ARRAS,ARR-PM-01,PUMP,IDLE,3.956,30.398,1.538,23.598,2026-01-05,23,False,0.1676413255360624
2026-01-05 23:15:00,ARRAS,ARR-PM-01,PUMP,RUNNING,11.295,30.569,3.331,125.894,2026-01-05,23,True,0.08971833447185727
2026-01-05 23:30:00,ARRAS,ARR-PM-01,PUMP,RUNNING,11.526,30.134,3.282,113.796,2026-01-05,23,True,0.10128651270694927
2026-01-05 23:45:00,ARRAS,ARR-PM-01,PUMP,IDLE,3.668,28.582,1.578,22.627,2026-01-05,23,False,0.1621072170415875
2026-01-05 00:00:00,LILLE,LIL-CH-01,CHILLER,RUNNING,18.22,7.67,2.747,144.684,2026-01-05,0,True,0.12592961212020679
2026-01-05 00:15:00,LILLE,LIL-CH-01,CHILLER,STOPPED,1.759,3.2,0.24,3.166,2026-01-05,0,False,0.5555906506632975
2026-01-05 00:30:00,LILLE,LIL-CH-01,CHILLER,RUNNING,18.099,8.083,2.923,151.208,2026-01-05,0,True,0.11969604782815724
2026-01-05 00:45:00,LILLE,LIL-CH-01,CHILLER,MAINTENANCE,1.293,2.939,0.281,2.905,2026-01-05,0,False,0.4450946643717728
2026-01-05 01:00:00,LILLE,LIL-CH-01,CHILLER,RUNNING,18.417,7.41,2.772,158.478,2026-01-05,1,True,0.11621171392874721
2026-01-05 01:15:00,LILLE,LIL-CH-01,CHILLER,RUNNING,19.369,7.683,2.887,150.29,2026-01-05,1,True,0.1288775034932464
2026-01-05 01:30:00,LILLE,LIL-CH-01,CHILLER,MAINTENANCE,1.205,3.008,0.334,2.934,2026-01-05,1,False,0.4107021131561009
2026-01-05 01:45:00,LILLE,LIL-CH-01,CHILLER,STOPPED,1.428,2.88,0.206,2.765,2026-01-05,1,False,0.5164556962025316
2026-01-05 02:00:00,LILLE,LIL-CH-01,CHILLER,IDLE,6.233,6.11,1.237,29.876,2026-01-05,2,False,0.20862899986611325
2026-01-05 02:15:00,LILLE,LIL-CH-01,CHILLER,IDLE,5.783,6.206,1.251,31.366,2026-01-05,2,False,0.18437161257412485
2026-01-05 02:30:00,LILLE,LIL-CH-01,CHILLER,STOPPED,1.014,3.851,0.259,3.929,2026-01-05,2,False,0.25808093662509546
2026-01-05 02:45:00,LILLE,LIL-CH-01,CHILLER,MAINTENANCE,1.694,3.194,0.221,3.508,2026-01-05,2,False,0.4828962371721779
2026-01-05 03:00:00,LILLE,LIL-CH-01,CHILLER,IDLE,6.501,5.951,1.191,29.309,2026-01-05,3,False,0.22180900064826503
2026-01-05 03:15:00,LILLE,LIL-CH-01,CHILLER,RUNNING,19.71,8.214,2.727,160.669,2026-01-05,3,True,0.12267456696686978
2026-01-05 03:30:00,LILLE,LIL-CH-01,CHILLER,IDLE,5.85,5.723,1.306,30.527,2026-01-05,3,False,0.1916336357978183
2026-01-05 03:45:00,LILLE,LIL-CH-01,CHILLER,STOPPED,1.22,2.835,0.222,3.36,2026-01-05,3,False,0.3630952380952381
2026-01-05 04:00:00,LILLE,LIL-CH-01,CHILLER,RUNNING,19.333,8.32,2.689,155.046,2026-01-05,4,True,0.12469202688234458
2026-01-05 04:15:00,LILLE,LIL-CH-01,CHILLER,IDLE,6.278,6.232,1.101,32.721,2026-01-05,4,False,0.19186455181687603
2026-01-05 04:30:00,LILLE,LIL-CH-01,CHILLER,RUNNING,19.087,7.825,2.957,165.567,2026-01-05,4,True,0.11528263482457252
2026-01-05 04:45:00,LILLE,LIL-CH-01,CHILLER,IDLE,6.63,5.806,1.325,32.229,2026-01-05,4,False,0.20571534952992646
2026-01-05 05:00:00,LILLE,LIL-CH-01,CHILLER,STOPPED,1.362,3.251,0.337,3.249,2026-01-05,5,False,0.41920590951061865
2026-01-05 05:15:00,LILLE,LIL-CH-01,CHILLER,STOPPED,1.628,2.62,0.344,2.912,2026-01-05,5,False,0.5590659340659341
2026-01-05 05:30:00,LILLE,LIL-CH-01,CHILLER,STOPPED,1.338,2.992,0.288,3.256,2026-01-05,5,False,0.41093366093366096
2026-01-05 05:45:00,LILLE,LIL-CH-01,CHILLER,STOPPED,1.691,3.063,0.219,3.497,2026-01-05,5,False,0.48355733485845015
2026-01-05 06:00:00,LILLE,LIL-CH-01,CHILLER,IDLE,6.178,5.918,1.187,36.706,2026-01-05,6,False,0.16831035797962185
2026-01-05 06:15:00,LILLE,LIL-CH-01,CHILLER,IDLE,5.661,5.917,1.269,30.457,2026-01-05,6,False,0.18586860163509208
2026-01-05 06:30:00,LILLE,LIL-CH-01,CHILLER,MAINTENANCE,1.303,2.744,0.26,2.85,2026-01-05,6,False,0.4571929824561403
2026-01-05 06:45:00,LILLE,LIL-CH-01,CHILLER,STOPPED,1.494,2.579,0.334,3.811,2026-01-05,6,False,0.3920230910522173
2026-01-05 07:00:00,LILLE,LIL-CH-01,CHILLER,RUNNING,18.309,7.946,2.846,158.142,2026-01-05,7,True,0.11577569526122093
2026-01-05 07:15:00,LILLE,LIL-CH-01,CHILLER,RUNNING,17.252,8.423,2.649,170.179,2026-01-05,7,True,0.10137561038671046
2026-01-05 07:30:00,LILLE,LIL-CH-01,CHILLER,IDLE,6.463,5.812,1.218,29.529,2026-01-05,7,False,0.21886958583087812
2026-01-05 07:45:00,LILLE,LIL-CH-01,CHILLER,RUNNING,17.565,8.35,2.732,154.924,2026-01-05,7,True,0.11337817252330175
2026-01-05 08:00:00,LILLE,LIL-CH-01,CHILLER,IDLE,6.614,6.363,1.247,28.923,2026-01-05,8,False,0.22867614009611728
2026-01-05 08:15:00,LILLE,LIL-CH-01,CHILLER,IDLE,5.65,5.782,1.275,31.084,2026-01-05,8,False,0.18176553854072836
2026-01-05 08:30:00,LILLE,LIL-CH-01,CHILLER,RUNNING,16.611,7.798,2.812,147.0,2026-01-05,8,True,0.113
2026-01-05 08:45:00,LILLE,LIL-CH-01,CHILLER,RUNNING,16.483,8.005,2.731,173.817,2026-01-05,8,True,0.09482961965745583
2026-01-05 09:00:00,LILLE,LIL-CH-01,CHILLER,RUNNING,18.553,7.571,2.787,157.884,2026-01-05,9,True,0.11751032403536775
2026-01-05 09:15:00,LILLE,LIL-CH-01,CHILLER,RUNNING,16.846,29.5,2.844,165.148,2026-01-05,9,True,0.10200547387797612
2026-01-05 09:30:00,LILLE,LIL-CH-01,CHILLER,RUNNING,17.653,7.521,2.995,138.813,2026-01-05,9,True,0.12717108628154425
2026-01-05 09:45:00,LILLE,LIL-CH-01,CHILLER,RUNNING,17.047,8.28,2.747,162.881,2026-01-05,9,True,0.10465922974441463
2026-01-05 10:00:00,LILLE,LIL-CH-01,CHILLER,RUNNING,18.006,8.135,2.772,162.389,2026-01-05,10,True,0.11088189470961703
2026-01-05 10:15:00,LILLE,LIL-CH-01,CHILLER,RUNNING,18.024,8.601,2.854,160.821,2026-01-05,10,True,0.11207491558938198
2026-01-05 10:30:00,LILLE,LIL-CH-01,CHILLER,RUNNING,17.296,8.47,2.665,155.102,2026-01-05,10,True,0.1115137135562404
2026-01-05 10:45:00,LILLE,LIL-CH-01,CHILLER,RUNNING,17.916,8.061,2.925,151.897,2026-01-05,10,True,0.11794834657695677
2026-01-05 11:00:00,LILLE,LIL-CH-01,CHILLER,STOPPED,1.481,3.273,0.336,3.209,2026-01-05,11,False,0.4615144904954815
2026-01-05 11:15:00,LILLE,LIL-CH-01,CHILLER,IDLE,6.059,5.721,1.165,30.314,2026-01-05,11,False,0.19987464537837304
2026-01-05 11:30:00,LILLE,LIL-CH-01,CHILLER,RUNNING,19.288,7.674,2.809,147.63,2026-01-05,11,True,0.1306509517035833
2026-01-05 11:45:00,LILLE,LIL-CH-01,CHILLER,RUNNING,17.358,7.916,2.759,154.006,2026-01-05,11,True,0.11270989441969793
2026-01-05 12:00:00,LILLE,LIL-CH-01,CHILLER,RUNNING,18.079,7.758,2.969,154.198,2026-01-05,12,True,0.11724535986199562
2026-01-05 12:15:00,LILLE,LIL-CH-01,CHILLER,RUNNING,19.068,7.953,2.828,148.226,2026-01-05,12,True,0.1286413989448545
2026-01-05 12:30:00,LILLE,LIL-CH-01,CHILLER,IDLE,6.308,5.8,1.201,30.895,2026-01-05,12,False,0.20417543291794787
2026-01-05 12:45:00,LILLE,LIL-CH-01,CHILLER,RUNNING,18.633,8.205,2.678,156.406,2026-01-05,12,True,0.11913225835326009
2026-01-05 13:00:00,LILLE,LIL-CH-01,CHILLER,RUNNING,17.042,7.974,2.749,151.99,2026-01-05,13,True,0.11212579774985197
2026-01-05 13:15:00,LILLE,LIL-CH-01,CHILLER,STOPPED,1.429,2.748,0.232,3.582,2026-01-05,13,False,0.39893914014517035
2026-01-05 13:30:00,LILLE,LIL-CH-01,CHILLER,RUNNING,17.766,7.755,2.843,148.196,2026-01-05,13,True,0.11988177818564602
2026-01-05 13:45:00,LILLE,LIL-CH-01,CHILLER,RUNNING,19.418,7.95,2.852,143.075,2026-01-05,13,True,0.1357190284815656
2026-01-05 14:00:00,LILLE,LIL-CH-01,CHILLER,RUNNING,19.208,8.057,2.992,152.217,2026-01-05,14,True,0.1261882706924982
2026-01-05 14:15:00,LILLE,LIL-CH-01,CHILLER,RUNNING,16.475,7.775,2.741,152.626,2026-01-05,14,True,0.10794360069712894
2026-01-05 14:30:00,LILLE,LIL-CH-01,CHILLER,RUNNING,16.487,7.607,2.901,164.377,2026-01-05,14,True,0.10029992030515217
2026-01-05 14:45:00,LILLE,LIL-CH-01,CHILLER,RUNNING,18.494,7.954,2.896,155.798,2026-01-05,14,True,0.11870498979447747
2026-01-05 15:00:00,LILLE,LIL-CH-01,CHILLER,RUNNING,17.595,7.713,2.839,137.773,2026-01-05,15,True,0.12771007381707591
2026-01-05 15:15:00,LILLE,LIL-CH-01,CHILLER,IDLE,6.288,5.893,1.282,31.806,2026-01-05,15,False,0.19769854744387852
2026-01-05 15:30:00,LILLE,LIL-CH-01,CHILLER,RUNNING,17.309,7.688,2.773,159.401,2026-01-05,15,True,0.10858777548446999
2026-01-05 15:45:00,LILLE,LIL-CH-01,CHILLER,IDLE,6.106,6.235,1.271,28.547,2026-01-05,15,False,0.21389287841104143
2026-01-05 16:00:00,LILLE,LIL-CH-01,CHILLER,RUNNING,17.483,7.614,2.83,160.452,2026-01-05,16,True,0.10896093535761474
2026-01-05 16:15:00,LILLE,LIL-CH-01,CHILLER,RUNNING,18.456,8.796,2.773,161.117,2026-01-05,16,True,0.1145502957478106
2026-01-05 16:30:00,LILLE,LIL-CH-01,CHILLER,RUNNING,17.737,7.748,2.648,169.686,2026-01-05,16,True,0.10452836415496858
2026-01-05 16:45:00,LILLE,LIL-CH-01,CHILLER,IDLE,6.272,6.151,1.238,29.643,2026-01-05,16,False,0.211584522484229
2026-01-05 17:00:00,LILLE,LIL-CH-01,CHILLER,STOPPED,1.647,2.322,0.294,2.866,2026-01-05,17,False,0.5746685275645499
2026-01-05 17:15:00,LILLE,LIL-CH-01,CHILLER,RUNNING,17.777,7.73,2.719,157.113,2026-01-05,17,True,0.11314786173009236
2026-01-05 17:30:00,LILLE,LIL-CH-01,CHILLER,RUNNING,18.398,8.356,2.958,150.113,2026-01-05,17,True,0.12256100404362047
2026-01-05 17:45:00,LILLE,LIL-CH-01,CHILLER,RUNNING,16.927,7.735,2.808,166.525,2026-01-05,17,True,0.10164840114096982
2026-01-05 18:00:00,LILLE,LIL-CH-01,CHILLER,RUNNING,17.77,7.925,2.648,161.384,2026-01-05,18,True,0.11011004808407278
2026-01-05 18:15:00,LILLE,LIL-CH-01,CHILLER,RUNNING,18.014,7.97,2.555,149.453,2026-01-05,18,True,0.12053287655650939
2026-01-05 18:30:00,LILLE,LIL-CH-01,CHILLER,RUNNING,20.035,7.756,2.726,155.73,2026-01-05,18,True,0.1286521543697425
2026-01-05 18:45:00,LILLE,LIL-CH-01,CHILLER,STOPPED,1.315,3.39,0.298,3.029,2026-01-05,18,False,0.4341366787718719
2026-01-05 19:00:00,LILLE,LIL-CH-01,CHILLER,IDLE,5.709,5.895,1.363,29.672,2026-01-05,19,False,0.19240361283364787
2026-01-05 19:15:00,LILLE,LIL-CH-01,CHILLER,RUNNING,18.496,7.874,3.136,142.156,2026-01-05,19,True,0.13011058274008833
2026-01-05 19:30:00,LILLE,LIL-CH-01,CHILLER,RUNNING,15.464,8.02,3.048,150.831,2026-01-05,19,True,0.10252534293348185
2026-01-05 19:45:00,LILLE,LIL-CH-01,CHILLER,STOPPED,1.699,3.023,0.391,3.635,2026-01-05,19,False,0.46740027510316373
2026-01-05 20:00:00,LILLE,LIL-CH-01,CHILLER,RUNNING,19.349,7.974,2.536,155.7,2026-01-05,20,True,0.12427103403982018
2026-01-05 20:15:00,LILLE,LIL-CH-01,CHILLER,STOPPED,1.312,3.039,0.303,3.216,2026-01-05,20,False,0.4079601990049751
2026-01-05 20:30:00,LILLE,LIL-CH-01,CHILLER,IDLE,6.289,6.192,1.253,28.268,2026-01-05,20,False,0.22247771331540964
2026-01-05 20:45:00,LILLE,LIL-CH-01,CHILLER,IDLE,6.311,5.814,1.326,28.403,2026-01-05,20,False,0.22219483857339015
2026-01-05 21:00:00,LILLE,LIL-CH-01,CHILLER,STOPPED,1.355,2.988,0.264,2.932,2026-01-05,21,False,0.4621418826739427
2026-01-05 21:15:00,LILLE,LIL-CH-01,CHILLER,RUNNING,17.636,8.203,2.794,160.667,2026-01-05,21,True,0.10976740712156198
2026-01-05 21:30:00,LILLE,LIL-CH-01,CHILLER,STOPPED,1.603,2.928,0.279,3.055,2026-01-05,21,False,0.5247135842880524
2026-01-05 21:45:00,LILLE,LIL-CH-01,CHILLER,IDLE,6.252,5.899,1.292,31.898,2026-01-05,21,False,0.19599974920057683
2026-01-05 22:00:00,LILLE,LIL-CH-01,CHILLER,RUNNING,15.707,7.99,2.772,148.594,2026-01-05,22,True,0.10570413341050111
2026-01-05 22:15:00,LILLE,LIL-CH-01,CHILLER,RUNNING,18.781,7.874,2.741,151.405,2026-01-05,22,True,0.12404478055546381
2026-01-05 22:30:00,LILLE,LIL-CH-01,CHILLER,RUNNING,19.024,8.409,2.709,150.045,2026-01-05,22,True,0.12678863007764338
2026-01-05 22:45:00,LILLE,LIL-CH-01,CHILLER,IDLE,5.838,6.068,1.242,30.067,2026-01-05,22,False,0.19416636179199787
2026-01-05 23:00:00,LILLE,LIL-CH-01,CHILLER,RUNNING,18.065,7.391,2.906,159.149,2026-01-05,23,True,0.11350998121257438
2026-01-05 23:15:00,LILLE,LIL-CH-01,CHILLER,IDLE,6.73,6.182,1.319,31.739,2026-01-05,23,False,0.21204196729575603
2026-01-05 23:30:00,LILLE,LIL-CH-01,CHILLER,IDLE,6.107,5.925,1.231,32.657,2026-01-05,23,False,0.187004317604189
2026-01-05 23:45:00,LILLE,LIL-CH-01,CHILLER,RUNNING,18.395,8.381,2.913,160.009,2026-01-05,23,True,0.11496228337156035
2026-01-05 00:00:00,LILLE,LIL-CP-01,COMPRESSOR,IDLE,8.799,70.264,3.275,49.703,2026-01-05,0,False,0.1770315675110154
2026-01-05 00:15:00,LILLE,LIL-CP-01,COMPRESSOR,IDLE,8.567,69.439,3.212,46.267,2026-01-05,0,False,0.18516437201461083
2026-01-05 00:30:00,LILLE,LIL-CP-01,COMPRESSOR,RUNNING,23.666,71.983,7.332,245.808,2026-01-05,0,True,0.09627839614658595
2026-01-05 00:45:00,LILLE,LIL-CP-01,COMPRESSOR,IDLE,8.524,72.753,3.245,45.755,2026-01-05,0,False,0.1862965796087859
2026-01-05 01:00:00,LILLE,LIL-CP-01,COMPRESSOR,STOPPED,1.862,65.263,0.79,5.224,2026-01-05,1,False,0.3564318529862175
2026-01-05 01:15:00,LILLE,LIL-CP-01,COMPRESSOR,RUNNING,24.542,72.536,7.425,217.198,2026-01-05,1,True,0.11299367397489848
2026-01-05 01:30:00,LILLE,LIL-CP-01,COMPRESSOR,STOPPED,1.889,64.528,0.768,4.551,2026-01-05,1,False,0.4150736101955614
2026-01-05 01:45:00,LILLE,LIL-CP-01,COMPRESSOR,IDLE,8.735,67.44,3.35,43.695,2026-01-05,1,False,0.19990845634511956
2026-01-05 02:00:00,LILLE,LIL-CP-01,COMPRESSOR,IDLE,8.748,70.429,3.227,46.909,2026-01-05,2,False,0.1864887335052975
2026-01-05 02:15:00,LILLE,LIL-CP-01,COMPRESSOR,RUNNING,24.936,73.034,7.019,221.75,2026-01-05,2,True,0.11245095828635851
2026-01-05 02:30:00,LILLE,LIL-CP-01,COMPRESSOR,RUNNING,24.286,73.648,7.584,223.559,2026-01-05,2,True,0.10863351508997625
2026-01-05 02:45:00,LILLE,LIL-CP-01,COMPRESSOR,IDLE,8.787,72.986,3.306,47.922,2026-01-05,2,False,0.1833604607487167
2026-01-05 03:00:00,LILLE,LIL-CP-01,COMPRESSOR,MAINTENANCE,1.757,65.024,0.682,4.071,2026-01-05,3,False,0.43158929010071234
2026-01-05 03:15:00,LILLE,LIL-CP-01,COMPRESSOR,STOPPED,1.927,67.509,0.704,4.817,2026-01-05,3,False,0.40004151961801954
2026-01-05 03:30:00,LILLE,LIL-CP-01,COMPRESSOR,RUNNING,26.757,70.449,7.034,245.42,2026-01-05,3,True,0.10902534430771739
2026-01-05 03:45:00,LILLE,LIL-CP-01,COMPRESSOR,RUNNING,25.371,70.776,7.18,238.617,2026-01-05,3,True,0.10632519895900125
2026-01-05 04:00:00,LILLE,LIL-CP-01,COMPRESSOR,IDLE,8.347,72.775,3.345,44.609,2026-01-05,4,False,0.18711470779439124
2026-01-05 04:15:00,LILLE,LIL-CP-01,COMPRESSOR,RUNNING,25.719,71.96,7.275,231.932,2026-01-05,4,True,0.11089026093855096
2026-01-05 04:30:00,LILLE,LIL-CP-01,COMPRESSOR,RUNNING,22.223,69.252,7.108,231.958,2026-01-05,4,True,0.09580613731796273
2026-01-05 04:45:00,LILLE,LIL-CP-01,COMPRESSOR,RUNNING,25.767,71.935,7.762,225.873,2026-01-05,4,True,0.11407737976650596
2026-01-05 05:00:00,LILLE,LIL-CP-01,COMPRESSOR,RUNNING,23.601,68.787,6.979,227.914,2026-01-05,5,True,0.10355221706433128
2026-01-05 05:15:00,LILLE,LIL-CP-01,COMPRESSOR,IDLE,8.811,71.447,2.932,47.635,2026-01-05,5,False,0.18496903537315001
2026-01-05 05:30:00,LILLE,LIL-CP-01,COMPRESSOR,STOPPED,1.9,69.36,0.768,5.197,2026-01-05,5,False,0.3655955358860881
2026-01-05 05:45:00,LILLE,LIL-CP-01,COMPRESSOR,STOPPED,1.834,69.737,0.698,4.491,2026-01-05,5,False,0.40837230015586734
2026-01-05 06:00:00,LILLE,LIL-CP-01,COMPRESSOR,STOPPED,1.583,66.145,0.718,4.598,2026-01-05,6,False,0.3442801217920835
2026-01-05 06:15:00,LILLE,LIL-CP-01,COMPRESSOR,RUNNING,27.288,72.607,7.593,215.012,2026-01-05,6,True,0.1269138466690231
2026-01-05 06:30:00,LILLE,LIL-CP-01,COMPRESSOR,RUNNING,26.76,73.577,7.315,228.408,2026-01-05,6,True,0.11715876851949145
2026-01-05 06:45:00,LILLE,LIL-CP-01,COMPRESSOR,IDLE,9.173,71.496,3.247,44.8,2026-01-05,6,False,0.2047544642857143
2026-01-05 07:00:00,LILLE,LIL-CP-01,COMPRESSOR,RUNNING,22.925,71.478,7.41,221.334,2026-01-05,7,True,0.10357649525152032
2026-01-05 07:15:00,LILLE,LIL-CP-01,COMPRESSOR,RUNNING,21.741,71.146,7.275,239.476,2026-01-05,7,True,0.09078571547879537
2026-01-05 07:30:00,LILLE,LIL-CP-01,COMPRESSOR,STOPPED,1.794,65.255,0.695,4.583,2026-01-05,7,False,0.39144665066550294
2026-01-05 07:45:00,LILLE,LIL-CP-01,COMPRESSOR,RUNNING,22.992,74.448,7.225,238.048,2026-01-05,7,True,0.096585562575615
2026-01-05 08:00:00,LILLE,LIL-CP-01,COMPRESSOR,RUNNING,23.294,70.857,7.673,217.24,2026-01-05,8,True,0.10722703001288897
2026-01-05 08:15:00,LILLE,LIL-CP-01,COMPRESSOR,RUNNING,24.161,75.203,7.234,235.973,2026-01-05,8,True,0.10238883262068119
2026-01-05 08:30:00,LILLE,LIL-CP-01,COMPRESSOR,IDLE,7.886,68.974,3.291,41.923,2026-01-05,8,False,0.18810676716838012
2026-01-05 08:45:00,LILLE,LIL-CP-01,COMPRESSOR,RUNNING,25.254,73.312,6.913,235.96,2026-01-05,8,True,0.10702661468045431
2026-01-05 09:00:00,LILLE,LIL-CP-01,COMPRESSOR,RUNNING,22.08,66.488,7.438,236.767,2026-01-05,9,True,0.09325623925631528
2026-01-05 09:15:00,LILLE,LIL-CP-01,COMPRESSOR,RUNNING,24.703,70.753,7.315,241.673,2026-01-05,9,True,0.10221663156413832
2026-01-05 09:30:00,LILLE,LIL-CP-01,COMPRESSOR,RUNNING,23.805,73.611,7.476,224.23,2026-01-05,9,True,0.10616331445390893
2026-01-05 09:45:00,LILLE,LIL-CP-01,COMPRESSOR,IDLE,8.246,69.79,3.486,45.98,2026-01-05,9,False,0.17933884297520664
2026-01-05 10:00:00,LILLE,LIL-CP-01,COMPRESSOR,STOPPED,2.268,65.257,0.749,4.899,2026-01-05,10,False,0.46295162278015917
2026-01-05 10:15:00,LILLE,LIL-CP-01,COMPRESSOR,RUNNING,23.593,72.437,6.594,253.028,2026-01-05,10,True,0.09324264508275765
2026-01-05 10:30:00,LILLE,LIL-CP-01,COMPRESSOR,RUNNING,24.337,69.674,6.56,243.434,2026-01-05,10,True,0.09997370950647815
2026-01-05 10:45:00,LILLE,LIL-CP-01,COMPRESSOR,STOPPED,1.621,65.902,0.744,4.808,2026-01-05,10,False,0.3371464226289518
2026-01-05 11:00:00,LILLE,LIL-CP-01,COMPRESSOR,STOPPED,1.7,65.801,0.72,4.497,2026-01-05,11,False,0.37802979764287303
2026-01-05 11:15:00,LILLE,LIL-CP-01,COMPRESSOR,RUNNING,21.182,71.924,7.603,254.455,2026-01-05,11,True,0.0832445815566603
2026-01-05 11:30:00,LILLE,LIL-CP-01,COMPRESSOR,RUNNING,24.76,74.671,7.105,222.491,2026-01-05,11,True,0.11128540030832708
2026-01-05 11:45:00,LILLE,LIL-CP-01,COMPRESSOR,RUNNING,24.835,70.967,6.868,221.056,2026-01-05,11,True,0.11234709756803705
2026-01-05 12:00:00,LILLE,LIL-CP-01,COMPRESSOR,STOPPED,12.8,70.681,7.379,226.899,2026-01-05,12,False,0.05641276515101433
2026-01-05 12:15:00,LILLE,LIL-CP-01,COMPRESSOR,RUNNING,24.103,74.163,7.085,221.439,2026-01-05,12,True,0.10884713171573211
2026-01-05 12:30:00,LILLE,LIL-CP-01,COMPRESSOR,RUNNING,24.007,71.162,6.199,240.721,2026-01-05,12,True,0.09972956243950466
2026-01-05 12:45:00,LILLE,LIL-CP-01,COMPRESSOR,STOPPED,2.044,67.618,0.709,5.295,2026-01-05,12,False,0.38602455146364495
2026-01-05 13:00:00,LILLE,LIL-CP-01,COMPRESSOR,IDLE,8.751,68.612,3.374,49.645,2026-01-05,13,False,0.17627152784771877
2026-01-05 13:15:00,LILLE,LIL-CP-01,COMPRESSOR,RUNNING,20.752,67.882,7.18,228.813,2026-01-05,13,True,0.09069414762273123
2026-01-05 13:30:00,LILLE,LIL-CP-01,COMPRESSOR,IDLE,8.173,72.951,3.305,45.538,2026-01-05,13,False,0.1794764811805525
2026-01-05 13:45:00,LILLE,LIL-CP-01,COMPRESSOR,RUNNING,25.43,73.708,7.145,245.517,2026-01-05,13,True,0.1035773490226746
2026-01-05 14:00:00,LILLE,LIL-CP-01,COMPRESSOR,RUNNING,24.587,74.934,7.171,243.266,2026-01-05,14,True,0.10107043318836172
2026-01-05 14:15:00,LILLE,LIL-CP-01,COMPRESSOR,IDLE,8.526,69.239,3.147,46.855,2026-01-05,14,False,0.18196563867250026
2026-01-05 14:30:00,LILLE,LIL-CP-01,COMPRESSOR,RUNNING,24.271,68.952,7.164,248.856,2026-01-05,14,True,0.09753029864660688
2026-01-05 14:45:00,LILLE,LIL-CP-01,COMPRESSOR,RUNNING,23.82,72.132,7.731,240.85,2026-01-05,14,True,0.09889973012248288
2026-01-05 15:00:00,LILLE,LIL-CP-01,COMPRESSOR,IDLE,7.483,68.874,3.176,45.355,2026-01-05,15,False,0.16498732223569618
2026-01-05 15:15:00,LILLE,LIL-CP-01,COMPRESSOR,RUNNING,22.896,76.319,7.363,208.119,2026-01-05,15,True,0.11001398238507777
2026-01-05 15:30:00,LILLE,LIL-CP-01,COMPRESSOR,IDLE,8.495,71.541,3.42,48.409,2026-01-05,15,False,0.17548389762234293
2026-01-05 15:45:00,LILLE,LIL-CP-01,COMPRESSOR,IDLE,7.816,71.623,3.409,50.377,2026-01-05,15,False,0.155150167735276
2026-01-05 16:00:00,LILLE,LIL-CP-01,COMPRESSOR,IDLE,9.309,69.429,3.261,45.651,2026-01-05,16,False,0.20391667214299794
2026-01-05 16:15:00,LILLE,LIL-CP-01,COMPRESSOR,RUNNING,22.357,76.341,7.385,208.252,2026-01-05,16,True,0.1073555115917254
2026-01-05 16:30:00,LILLE,LIL-CP-01,COMPRESSOR,IDLE,8.307,73.675,3.445,48.93,2026-01-05,16,False,0.169773145309626
2026-01-05 16:45:00,LILLE,LIL-CP-01,COMPRESSOR,IDLE,8.56,73.81,3.133,46.484,2026-01-05,16,False,0.18414938473453232
2026-01-05 17:00:00,LILLE,LIL-CP-01,COMPRESSOR,IDLE,8.415,70.455,3.28,47.922,2026-01-05,17,False,0.1755978465005634
2026-01-05 17:15:00,LILLE,LIL-CP-01,COMPRESSOR,IDLE,8.799,69.649,3.157,44.196,2026-01-05,17,False,0.19909041542221015
2026-01-05 17:30:00,LILLE,LIL-CP-01,COMPRESSOR,STOPPED,1.459,65.927,0.819,5.128,2026-01-05,17,False,0.2845163806552262
2026-01-05 17:45:00,LILLE,LIL-CP-01,COMPRESSOR,RUNNING,25.1,71.604,7.439,237.732,2026-01-05,17,True,0.10558107448723773
2026-01-05 18:00:00,LILLE,LIL-CP-01,COMPRESSOR,RUNNING,23.234,74.716,6.917,229.187,2026-01-05,18,True,0.10137573248046355
2026-01-05 18:15:00,LILLE,LIL-CP-01,COMPRESSOR,RUNNING,23.933,75.391,7.856,230.279,2026-01-05,18,True,0.10393044958506854
2026-01-05 18:30:00,LILLE,LIL-CP-01,COMPRESSOR,RUNNING,23.548,68.51,7.069,220.388,2026-01-05,18,True,0.10684792275441493
2026-01-05 18:45:00,LILLE,LIL-CP-01,COMPRESSOR,RUNNING,23.338,70.34,6.981,250.547,2026-01-05,18,True,0.09314819175643692
2026-01-05 19:00:00,LILLE,LIL-CP-01,COMPRESSOR,IDLE,8.265,71.717,3.13,47.27,2026-01-05,19,False,0.17484662576687116
2026-01-05 19:15:00,LILLE,LIL-CP-01,COMPRESSOR,RUNNING,25.048,73.618,7.603,223.669,2026-01-05,19,True,0.11198690922747451
2026-01-05 19:30:00,LILLE,LIL-CP-01,COMPRESSOR,MAINTENANCE,1.793,65.871,0.719,4.597,2026-01-05,19,False,0.3900369806395475
2026-01-05 19:45:00,LILLE,LIL-CP-01,COMPRESSOR,RUNNING,22.284,73.213,7.018,219.375,2026-01-05,19,True,0.10157948717948717
2026-01-05 20:00:00,LILLE,LIL-CP-01,COMPRESSOR,RUNNING,24.369,74.382,7.618,218.07,2026-01-05,20,True,0.11174852111707251
2026-01-05 20:15:00,LILLE,LIL-CP-01,COMPRESSOR,RUNNING,25.493,73.321,7.025,222.295,2026-01-05,20,True,0.11468094199149778
2026-01-05 20:30:00,LILLE,LIL-CP-01,COMPRESSOR,STOPPED,1.922,63.996,0.725,4.797,2026-01-05,20,False,0.4006670835939129
2026-01-05 20:45:00,LILLE,LIL-CP-01,COMPRESSOR,RUNNING,24.053,74.451,7.266,226.378,2026-01-05,20,True,0.10625149086925409
2026-01-05 21:00:00,LILLE,LIL-CP-01,COMPRESSOR,RUNNING,23.351,70.966,7.089,217.325,2026-01-05,21,True,0.10744737144829174
2026-01-05 21:15:00,LILLE,LIL-CP-01,COMPRESSOR,RUNNING,23.915,71.811,7.203,210.283,2026-01-05,21,True,0.11372769077861739
2026-01-05 21:30:00,LILLE,LIL-CP-01,COMPRESSOR,RUNNING,23.202,72.609,7.536,226.373,2026-01-05,21,True,0.10249455544610003
2026-01-05 21:45:00,LILLE,LIL-CP-01,COMPRESSOR,RUNNING,24.014,76.195,6.701,235.586,2026-01-05,21,True,0.10193305204893328
2026-01-05 22:00:00,LILLE,LIL-CP-01,COMPRESSOR,IDLE,9.076,69.785,3.5,44.503,2026-01-05,22,False,0.2039413073275959
2026-01-05 22:15:00,LILLE,LIL-CP-01,COMPRESSOR,IDLE,8.285,67.557,3.319,43.465,2026-01-05,22,False,0.19061313700678706
2026-01-05 22:30:00,LILLE,LIL-CP-01,COMPRESSOR,STOPPED,1.911,64.721,0.718,4.826,2026-01-05,22,False,0.3959801077496892
2026-01-05 22:45:00,LILLE,LIL-CP-01,COMPRESSOR,IDLE,8.461,67.464,3.167,44.683,2026-01-05,22,False,0.18935613096703446
2026-01-05 23:00:00,LILLE,LIL-CP-01,COMPRESSOR,RUNNING,23.745,73.677,7.048,242.981,2026-01-05,23,True,0.09772369032969656
2026-01-05 23:15:00,LILLE,LIL-CP-01,COMPRESSOR,RUNNING,24.26,75.301,7.172,225.966,2026-01-05,23,True,0.10736128444102211
2026-01-05 23:30:00,LILLE,LIL-CP-01,COMPRESSOR,RUNNING,22.56,71.408,7.281,241.567,2026-01-05,23,True,0.09339023956086716
2026-01-05 23:45:00,LILLE,LIL-CP-01,COMPRESSOR,MAINTENANCE,1.654,65.438,0.773,4.2,2026-01-05,23,False,0.3938095238095238
2026-01-05 00:00:00,LILLE,LIL-CP-02,COMPRESSOR,RUNNING,25.34,72.074,7.212,207.468,2026-01-05,0,True,0.12213931787070778
2026-01-05 00:15:00,LILLE,LIL-CP-02,COMPRESSOR,MAINTENANCE,1.63,68.625,0.655,4.483,2026-01-05,0,False,0.3635958063796565
2026-01-05 00:30:00,LILLE,LIL-CP-02,COMPRESSOR,RUNNING,24.294,74.269,7.456,231.888,2026-01-05,0,True,0.1047660939764024
2026-01-05 00:45:00,LILLE,LIL-CP-02,COMPRESSOR,IDLE,8.15,70.713,3.174,46.245,2026-01-05,0,False,0.1762352686776949
2026-01-05 01:00:00,LILLE,LIL-CP-02,COMPRESSOR,IDLE,8.897,70.354,3.212,45.788,2026-01-05,1,False,0.19430855245915962
2026-01-05 01:15:00,LILLE,LIL-CP-02,COMPRESSOR,IDLE,8.769,71.76,3.36,46.698,2026-01-05,1,False,0.1877810612874213
2026-01-05 01:30:00,LILLE,LIL-CP-02,COMPRESSOR,RUNNING,22.868,75.238,6.851,243.223,2026-01-05,1,True,0.0940207135016014
2026-01-05 01:45:00,LILLE,LIL-CP-02,COMPRESSOR,STOPPED,1.919,67.831,0.782,4.645,2026-01-05,1,False,0.41313240043057053
2026-01-05 02:00:00,LILLE,LIL-CP-02,COMPRESSOR,MAINTENANCE,1.75,69.357,0.734,4.173,2026-01-05,2,False,0.4193625688952792
2026-01-05 02:15:00,LILLE,LIL-CP-02,COMPRESSOR,STOPPED,2.047,66.583,0.749,4.622,2026-01-05,2,False,0.44288186932064044
2026-01-05 02:30:00,LILLE,LIL-CP-02,COMPRESSOR,RUNNING,23.101,69.566,7.289,247.472,2026-01-05,2,True,0.09334793431176051
2026-01-05 02:45:00,LILLE,LIL-CP-02,COMPRESSOR,STOPPED,2.055,69.389,0.72,4.452,2026-01-05,2,False,0.4615902964959569
2026-01-05 03:00:00,LILLE,LIL-CP-02,COMPRESSOR,STOPPED,2.013,66.789,0.763,4.642,2026-01-05,3,False,0.433649289099526
2026-01-05 03:15:00,LILLE,LIL-CP-02,COMPRESSOR,IDLE,8.889,69.452,3.229,45.108,2026-01-05,3,False,0.19706038840117052
2026-01-05 03:30:00,LILLE,LIL-CP-02,COMPRESSOR,IDLE,8.237,69.302,3.276,41.562,2026-01-05,3,False,0.19818584283720708
2026-01-05 03:45:00,LILLE,LIL-CP-02,COMPRESSOR,IDLE,9.449,74.158,3.264,43.92,2026-01-05,3,False,0.21514116575591985
2026-01-05 04:00:00,LILLE,LIL-CP-02,COMPRESSOR,RUNNING,22.825,73.864,6.896,248.806,2026-01-05,4,True,0.0917381413631504
2026-01-05 04:15:00,LILLE,LIL-CP-02,COMPRESSOR,STOPPED,2.321,70.149,0.658,4.176,2026-01-05,4,False,0.5557950191570882
2026-01-05 04:30:00,LILLE,LIL-CP-02,COMPRESSOR,IDLE,7.646,71.347,3.34,45.607,2026-01-05,4,False,0.16764970289648518
2026-01-05 04:45:00,LILLE,LIL-CP-02,COMPRESSOR,STOPPED,1.697,66.451,0.646,4.791,2026-01-05,4,False,0.35420580254644124
2026-01-05 05:00:00,LILLE,LIL-CP-02,COMPRESSOR,RUNNING,25.619,68.732,7.709,242.307,2026-01-05,5,True,0.10572950843351617
2026-01-05 05:15:00,LILLE,LIL-CP-02,COMPRESSOR,RUNNING,22.071,72.652,7.15,231.913,2026-01-05,5,True,0.0951693091805979
2026-01-05 05:30:00,LILLE,LIL-CP-02,COMPRESSOR,STOPPED,1.977,68.263,0.734,4.339,2026-01-05,5,False,0.4556349389260198
2026-01-05 05:45:00,LILLE,LIL-CP-02,COMPRESSOR,STOPPED,1.871,65.459,0.841,4.647,2026-01-05,5,False,0.4026253496879707
2026-01-05 06:00:00,LILLE,LIL-CP-02,COMPRESSOR,RUNNING,23.688,69.543,7.223,212.408,2026-01-05,6,True,0.11152122330609017
2026-01-05 06:15:00,LILLE,LIL-CP-02,COMPRESSOR,IDLE,7.507,70.215,3.316,46.899,2026-01-05,6,False,0.16006737883536962
2026-01-05 06:30:00,LILLE,LIL-CP-02,COMPRESSOR,IDLE,8.17,72.601,3.083,46.473,2026-01-05,6,False,0.17580100273276958
2026-01-05 06:45:00,LILLE,LIL-CP-02,COMPRESSOR,RUNNING,23.967,70.065,7.133,221.256,2026-01-05,6,True,0.10832248616986657
2026-01-05 07:00:00,LILLE,LIL-CP-02,COMPRESSOR,RUNNING,24.684,72.971,7.461,239.725,2026-01-05,7,True,0.1029679841485035
2026-01-05 07:15:00,LILLE,LIL-CP-02,COMPRESSOR,RUNNING,24.399,73.385,6.74,231.831,2026-01-05,7,True,0.10524476881866533
2026-01-05 07:30:00,LILLE,LIL-CP-02,COMPRESSOR,STOPPED,1.759,66.747,0.747,4.716,2026-01-05,7,False,0.37298558100084817
2026-01-05 07:45:00,LILLE,LIL-CP-02,COMPRESSOR,RUNNING,24.104,72.329,6.975,228.04,2026-01-05,7,True,0.10570075425363971
2026-01-05 08:00:00,LILLE,LIL-CP-02,COMPRESSOR,STOPPED,1.628,65.977,0.791,5.031,2026-01-05,8,False,0.3235937189425562
2026-01-05 08:15:00,LILLE,LIL-CP-02,COMPRESSOR,RUNNING,25.311,69.976,6.895,232.368,2026-01-05,8,True,0.10892635819045651
2026-01-05 08:30:00,LILLE,LIL-CP-02,COMPRESSOR,RUNNING,27.25,73.631,6.67,232.981,2026-01-05,8,True,0.11696232740008843
2026-01-05 08:45:00,LILLE,LIL-CP-02,COMPRESSOR,RUNNING,25.813,73.366,7.355,232.161,2026-01-05,8,True,0.11118577194274662
2026-01-05 09:00:00,LILLE,LIL-CP-02,COMPRESSOR,RUNNING,22.473,78.509,7.56,243.247,2026-01-05,9,True,0.0923875731252595
2026-01-05 09:15:00,LILLE,LIL-CP-02,COMPRESSOR,RUNNING,24.261,70.505,6.888,228.221,2026-01-05,9,True,0.10630485362871953
2026-01-05 09:30:00,LILLE,LIL-CP-02,COMPRESSOR,RUNNING,26.79,66.952,7.063,245.06,2026-01-05,9,True,0.10932016648983922
2026-01-05 09:45:00,LILLE,LIL-CP-02,COMPRESSOR,RUNNING,23.782,66.765,7.252,237.641,2026-01-05,9,True,0.10007532370255975
2026-01-05 10:00:00,LILLE,LIL-CP-02,COMPRESSOR,RUNNING,24.491,73.114,7.219,230.382,2026-01-05,10,True,0.1063060482155724
2026-01-05 10:15:00,LILLE,LIL-CP-02,COMPRESSOR,RUNNING,23.007,71.004,7.252,247.896,2026-01-05,10,True,0.09280908122761158
2026-01-05 10:30:00,LILLE,LIL-CP-02,COMPRESSOR,RUNNING,21.895,72.938,7.65,220.683,2026-01-05,10,True,0.09921471069361935
2026-01-05 10:45:00,LILLE,LIL-CP-02,COMPRESSOR,RUNNING,22.224,67.732,6.878,236.537,2026-01-05,10,True,0.09395570249051945
2026-01-05 11:00:00,LILLE,LIL-CP-02,COMPRESSOR,RUNNING,26.262,69.799,7.356,233.005,2026-01-05,11,True,0.1127100276818094
2026-01-05 11:15:00,LILLE,LIL-CP-02,COMPRESSOR,RUNNING,23.988,69.197,7.164,235.753,2026-01-05,11,True,0.10175056096847124
2026-01-05 11:30:00,LILLE,LIL-CP-02,COMPRESSOR,RUNNING,22.93,67.09,6.864,229.96,2026-01-05,11,True,0.0997129935640981
2026-01-05 11:45:00,LILLE,LIL-CP-02,COMPRESSOR,RUNNING,25.484,72.569,7.104,237.845,2026-01-05,11,True,0.10714540982572685
2026-01-05 12:00:00,LILLE,LIL-CP-02,COMPRESSOR,RUNNING,26.66,71.026,6.571,217.155,2026-01-05,12,True,0.12276945039257674
2026-01-05 12:15:00,LILLE,LIL-CP-02,COMPRESSOR,STOPPED,1.846,65.593,0.801,4.726,2026-01-05,12,False,0.39060516292848074
2026-01-05 12:30:00,LILLE,LIL-CP-02,COMPRESSOR,RUNNING,22.14,68.083,7.359,243.867,2026-01-05,12,True,0.09078719137890737
2026-01-05 12:45:00,LILLE,LIL-CP-02,COMPRESSOR,RUNNING,23.371,72.049,7.05,238.455,2026-01-05,12,True,0.09801010672873288
2026-01-05 13:00:00,LILLE,LIL-CP-02,COMPRESSOR,RUNNING,24.807,70.494,7.118,221.105,2026-01-05,13,True,0.11219556319395763
2026-01-05 13:15:00,LILLE,LIL-CP-02,COMPRESSOR,IDLE,8.648,67.555,3.132,46.56,2026-01-05,13,False,0.18573883161512025
2026-01-05 13:30:00,LILLE,LIL-CP-02,COMPRESSOR,RUNNING,25.44,71.591,6.346,226.864,2026-01-05,13,True,0.11213766838281966
2026-01-05 13:45:00,LILLE,LIL-CP-02,COMPRESSOR,RUNNING,22.566,71.41,7.304,240.071,2026-01-05,13,True,0.09399719249721956
2026-01-05 14:00:00,LILLE,LIL-CP-02,COMPRESSOR,RUNNING,22.284,69.413,7.305,243.903,2026-01-05,14,True,0.09136418986236332
2026-01-05 14:15:00,LILLE,LIL-CP-02,COMPRESSOR,IDLE,7.678,71.232,3.492,50.275,2026-01-05,14,False,0.15272003978120338
2026-01-05 14:30:00,LILLE,LIL-CP-02,COMPRESSOR,RUNNING,24.057,73.266,6.853,225.422,2026-01-05,14,True,0.10671984100930698
2026-01-05 14:45:00,LILLE,LIL-CP-02,COMPRESSOR,RUNNING,27.178,71.768,7.06,231.379,2026-01-05,14,True,0.1174609623172371
2026-01-05 15:00:00,LILLE,LIL-CP-02,COMPRESSOR,IDLE,7.6,70.034,3.137,45.898,2026-01-05,15,False,0.16558455706130984
2026-01-05 15:15:00,LILLE,LIL-CP-02,COMPRESSOR,RUNNING,8.774,69.806,7.2,45.284,2026-01-05,15,True,0.19375496864234606
2026-01-05 15:30:00,LILLE,LIL-CP-02,COMPRESSOR,RUNNING,7.365,69.776,11.4,44.605,2026-01-05,15,True,0.1651160183835893
2026-01-05 15:45:00,LILLE,LIL-CP-02,COMPRESSOR,IDLE,7.388,72.496,3.0,45.793,2026-01-05,15,False,0.16133470181032036
2026-01-05 16:00:00,LILLE,LIL-CP-02,COMPRESSOR,RUNNING,23.425,74.74,7.534,229.908,2026-01-05,16,True,0.10188858151956436
2026-01-05 16:15:00,LILLE,LIL-CP-02,COMPRESSOR,RUNNING,22.714,71.523,6.858,225.385,2026-01-05,16,True,0.10077866761319519
2026-01-05 16:30:00,LILLE,LIL-CP-02,COMPRESSOR,RUNNING,23.594,73.257,7.078,215.83,2026-01-05,16,True,0.10931751841727286
2026-01-05 16:45:00,LILLE,LIL-CP-02,COMPRESSOR,RUNNING,24.069,71.363,7.185,212.035,2026-01-05,16,True,0.11351427830311034
2026-01-05 17:00:00,LILLE,LIL-CP-02,COMPRESSOR,IDLE,7.839,72.034,3.397,40.161,2026-01-05,17,False,0.19518936281467095
2026-01-05 17:15:00,LILLE,LIL-CP-02,COMPRESSOR,RUNNING,25.655,72.588,6.709,217.537,2026-01-05,17,True,0.11793396065956596
2026-01-05 17:30:00,LILLE,LIL-CP-02,COMPRESSOR,IDLE,7.827,70.94,3.04,46.984,2026-01-05,17,False,0.16658862591520518
2026-01-05 17:45:00,LILLE,LIL-CP-02,COMPRESSOR,RUNNING,23.53,70.966,6.454,235.781,2026-01-05,17,True,0.09979599713293268
2026-01-05 18:00:00,LILLE,LIL-CP-02,COMPRESSOR,RUNNING,23.265,69.071,7.536,211.95,2026-01-05,18,True,0.10976645435244162
2026-01-05 18:15:00,LILLE,LIL-CP-02,COMPRESSOR,IDLE,8.079,71.254,3.197,42.192,2026-01-05,18,False,0.19148179749715588
2026-01-05 18:30:00,LILLE,LIL-CP-02,COMPRESSOR,IDLE,8.585,70.177,3.042,42.197,2026-01-05,18,False,0.20345048226177218
2026-01-05 18:45:00,LILLE,LIL-CP-02,COMPRESSOR,STOPPED,1.916,64.856,0.778,4.847,2026-01-05,18,False,0.3952960594181968
2026-01-05 19:00:00,LILLE,LIL-CP-02,COMPRESSOR,STOPPED,1.631,68.072,0.733,4.548,2026-01-05,19,False,0.3586191732629727
2026-01-05 19:15:00,LILLE,LIL-CP-02,COMPRESSOR,STOPPED,1.868,68.876,0.758,4.893,2026-01-05,19,False,0.38176987533210716
2026-01-05 19:30:00,LILLE,LIL-CP-02,COMPRESSOR,IDLE,8.481,68.764,3.471,48.215,2026-01-05,19,False,0.1758996163019807
2026-01-05 19:45:00,LILLE,LIL-CP-02,COMPRESSOR,IDLE,8.464,74.631,3.33,48.002,2026-01-05,19,False,0.17632598641723263
2026-01-05 20:00:00,LILLE,LIL-CP-02,COMPRESSOR,RUNNING,23.993,72.297,7.409,206.7,2026-01-05,20,True,0.11607643928398645
2026-01-05 20:15:00,LILLE,LIL-CP-02,COMPRESSOR,IDLE,8.697,71.899,3.143,48.526,2026-01-05,20,False,0.1792235090466966
2026-01-05 20:30:00,LILLE,LIL-CP-02,COMPRESSOR,IDLE,8.06,70.729,3.289,44.734,2026-01-05,20,False,0.18017615236732687
2026-01-05 20:45:00,LILLE,LIL-CP-02,COMPRESSOR,RUNNING,22.946,72.167,6.861,223.432,2026-01-05,20,True,0.10269791256400158
2026-01-05 21:00:00,LILLE,LIL-CP-02,COMPRESSOR,MAINTENANCE,1.765,72.329,0.698,4.399,2026-01-05,21,False,0.40122755171629915
2026-01-05 21:15:00,LILLE,LIL-CP-02,COMPRESSOR,IDLE,8.073,66.808,3.409,46.953,2026-01-05,21,False,0.17193789534215065
2026-01-05 21:30:00,LILLE,LIL-CP-02,COMPRESSOR,IDLE,8.741,69.023,3.294,43.003,2026-01-05,21,False,0.20326488849615143
2026-01-05 21:45:00,LILLE,LIL-CP-02,COMPRESSOR,RUNNING,22.689,69.723,6.998,213.487,2026-01-05,21,True,0.10627813403158037
2026-01-05 22:00:00,LILLE,LIL-CP-02,COMPRESSOR,IDLE,8.774,67.489,3.393,44.109,2026-01-05,22,False,0.19891632093223602
2026-01-05 22:15:00,LILLE,LIL-CP-02,COMPRESSOR,RUNNING,22.234,73.033,7.186,225.032,2026-01-05,22,True,0.09880372569234598
2026-01-05 22:30:00,LILLE,LIL-CP-02,COMPRESSOR,RUNNING,23.986,70.658,7.442,240.571,2026-01-05,22,True,0.09970445315520159
2026-01-05 22:45:00,LILLE,LIL-CP-02,COMPRESSOR,MAINTENANCE,1.486,66.143,0.739,4.398,2026-01-05,22,False,0.33788085493406095
2026-01-05 23:00:00,LILLE,LIL-CP-02,COMPRESSOR,STOPPED,1.56,67.415,0.719,4.327,2026-01-05,23,False,0.36052692396579616
2026-01-05 23:15:00,LILLE,LIL-CP-02,COMPRESSOR,RUNNING,24.772,71.725,7.759,225.234,2026-01-05,23,True,0.10998339504692896
2026-01-05 23:30:00,LILLE,LIL-CP-02,COMPRESSOR,IDLE,9.708,69.31,3.282,43.933,2026-01-05,23,False,0.22097284501399858
2026-01-05 23:45:00,LILLE,LIL-CP-02,COMPRESSOR,STOPPED,2.167,67.218,0.648,4.726,2026-01-05,23,False,0.45852729581041046
2026-01-05 00:00:00,LILLE,LIL-PM-01,PUMP,IDLE,3.48,28.18,1.557,23.789,2026-01-05,0,False,0.14628609861700786
2026-01-05 00:15:00,LILLE,LIL-PM-01,PUMP,RUNNING,12.354,31.302,3.12,114.983,2026-01-05,0,True,0.10744196968247478
2026-01-05 00:30:00,LILLE,LIL-PM-01,PUMP,RUNNING,12.134,31.67,3.497,117.256,2026-01-05,0,True,0.1034829774169339
2026-01-05 00:45:00,LILLE,LIL-PM-01,PUMP,RUNNING,12.019,32.731,3.347,126.586,2026-01-05,0,True,0.09494730854912865
2026-01-05 01:00:00,LILLE,LIL-PM-01,PUMP,RUNNING,11.271,30.673,3.206,122.567,2026-01-05,1,True,0.09195786794161562
2026-01-05 01:15:00,LILLE,LIL-PM-01,PUMP,IDLE,4.077,28.698,1.528,23.306,2026-01-05,1,False,0.17493349352098173
2026-01-05 01:30:00,LILLE,LIL-PM-01,PUMP,RUNNING,11.622,31.628,3.12,128.057,2026-01-05,1,True,0.09075646001390007
2026-01-05 01:45:00,LILLE,LIL-PM-01,PUMP,RUNNING,10.509,31.732,3.655,116.393,2026-01-05,1,True,0.09028893490158343
2026-01-05 02:00:00,LILLE,LIL-PM-01,PUMP,RUNNING,10.675,29.928,3.527,119.215,2026-01-05,2,True,0.08954410099400244
2026-01-05 02:15:00,LILLE,LIL-PM-01,PUMP,RUNNING,11.124,31.441,3.487,114.606,2026-01-05,2,True,0.0970629809957594
2026-01-05 02:30:00,LILLE,LIL-PM-01,PUMP,IDLE,3.654,28.088,1.637,24.282,2026-01-05,2,False,0.15048183839881393
2026-01-05 02:45:00,LILLE,LIL-PM-01,PUMP,RUNNING,11.598,31.853,3.61,124.268,2026-01-05,2,True,0.0933305436636946
2026-01-05 03:00:00,LILLE,LIL-PM-01,PUMP,RUNNING,11.283,32.835,3.364,122.986,2026-01-05,3,True,0.09174214951295269
2026-01-05 03:15:00,LILLE,LIL-PM-01,PUMP,MAINTENANCE,1.275,26.027,0.356,2.525,2026-01-05,3,False,0.504950495049505
2026-01-05 03:30:00,LILLE,LIL-PM-01,PUMP,RUNNING,11.443,32.217,3.423,120.167,2026-01-05,3,True,0.09522581074671083
2026-01-05 03:45:00,LILLE,LIL-PM-01,PUMP,STOPPED,0.893,26.688,0.348,2.487,2026-01-05,3,False,0.3590671491757137
2026-01-05 04:00:00,LILLE,LIL-PM-01,PUMP,IDLE,3.473,28.765,1.425,24.31,2026-01-05,4,False,0.14286301933360757
2026-01-05 04:15:00,LILLE,LIL-PM-01,PUMP,IDLE,4.062,29.652,1.547,23.88,2026-01-05,4,False,0.17010050251256284
2026-01-05 04:30:00,LILLE,LIL-PM-01,PUMP,STOPPED,1.043,25.298,0.216,2.602,2026-01-05,4,False,0.40084550345887776
2026-01-05 04:45:00,LILLE,LIL-PM-01,PUMP,RUNNING,10.337,31.124,3.338,113.588,2026-01-05,4,True,0.09100433144346234
2026-01-05 05:00:00,LILLE,LIL-PM-01,PUMP,MAINTENANCE,0.953,26.143,0.326,2.33,2026-01-05,5,False,0.40901287553648064
2026-01-05 05:15:00,LILLE,LIL-PM-01,PUMP,RUNNING,10.442,30.13,3.2,137.274,2026-01-05,5,True,0.07606684441336306
2026-01-05 05:30:00,LILLE,LIL-PM-01,PUMP,IDLE,3.548,29.34,1.607,25.089,2026-01-05,5,False,0.14141655705687753
2026-01-05 05:45:00,LILLE,LIL-PM-01,PUMP,STOPPED,0.68,24.915,0.334,2.195,2026-01-05,5,False,0.3097949886104784
2026-01-05 06:00:00,LILLE,LIL-PM-01,PUMP,IDLE,3.878,29.784,1.469,24.358,2026-01-05,6,False,0.15920847360210197
2026-01-05 06:15:00,LILLE,LIL-PM-01,PUMP,RUNNING,10.125,31.611,3.345,122.453,2026-01-05,6,True,0.0826847851828865
2026-01-05 06:30:00,LILLE,LIL-PM-01,PUMP,MAINTENANCE,1.225,26.603,0.359,2.475,2026-01-05,6,False,0.494949494949495
2026-01-05 06:45:00,LILLE,LIL-PM-01,PUMP,IDLE,3.961,27.973,1.463,23.203,2026-01-05,6,False,0.1707106839632806
2026-01-05 07:00:00,LILLE,LIL-PM-01,PUMP,RUNNING,11.443,31.604,3.285,111.386,2026-01-05,7,True,0.10273283895642181
2026-01-05 07:15:00,LILLE,LIL-PM-01,PUMP,IDLE,3.74,26.751,1.484,23.341,2026-01-05,7,False,0.16023306627822287
2026-01-05 07:30:00,LILLE,LIL-PM-01,PUMP,RUNNING,11.224,32.323,3.41,122.834,2026-01-05,7,True,0.09137535210120976
2026-01-05 07:45:00,LILLE,LIL-PM-01,PUMP,IDLE,3.586,30.091,1.431,23.022,2026-01-05,7,False,0.15576405177656155
2026-01-05 08:00:00,LILLE,LIL-PM-01,PUMP,IDLE,4.271,28.744,1.464,22.873,2026-01-05,8,False,0.1867267083460849
2026-01-05 08:15:00,LILLE,LIL-PM-01,PUMP,RUNNING,12.12,30.246,3.391,123.762,2026-01-05,8,True,0.09792989770688902
2026-01-05 08:30:00,LILLE,LIL-PM-01,PUMP,RUNNING,10.782,31.79,3.674,120.465,2026-01-05,8,True,0.08950317519611505
2026-01-05 08:45:00,LILLE,LIL-PM-01,PUMP,RUNNING,10.704,31.3,3.377,118.888,2026-01-05,8,True,0.09003431801359263
2026-01-05 09:00:00,LILLE,LIL-PM-01,PUMP,RUNNING,11.15,31.947,3.329,124.853,2026-01-05,9,True,0.08930502270670308
2026-01-05 09:15:00,LILLE,LIL-PM-01,PUMP,RUNNING,11.143,29.813,3.438,121.004,2026-01-05,9,True,0.09208786486397144
2026-01-05 09:30:00,LILLE,LIL-PM-01,PUMP,RUNNING,10.271,30.061,3.372,128.752,2026-01-05,9,True,0.07977351808127252
2026-01-05 09:45:00,LILLE,LIL-PM-01,PUMP,RUNNING,10.507,31.265,3.402,117.052,2026-01-05,9,True,0.08976352390390595
2026-01-05 10:00:00,LILLE,LIL-PM-01,PUMP,RUNNING,10.794,32.371,3.199,120.747,2026-01-05,10,True,0.08939352530497653
2026-01-05 10:15:00,LILLE,LIL-PM-01,PUMP,RUNNING,10.294,31.769,3.515,120.245,2026-01-05,10,True,0.08560854921202544
2026-01-05 10:30:00,LILLE,LIL-PM-01,PUMP,RUNNING,11.33,31.542,3.392,120.659,2026-01-05,10,True,0.09390099370954508
2026-01-05 10:45:00,LILLE,LIL-PM-01,PUMP,RUNNING,11.291,31.812,3.354,113.23,2026-01-05,10,True,0.09971738938443875
2026-01-05 11:00:00,LILLE,LIL-PM-01,PUMP,IDLE,3.881,28.684,1.542,23.731,2026-01-05,11,False,0.1635413594033121
2026-01-05 11:15:00,LILLE,LIL-PM-01,PUMP,RUNNING,12.156,30.12,3.242,116.411,2026-01-05,11,True,0.10442312152631625
2026-01-05 11:30:00,LILLE,LIL-PM-01,PUMP,RUNNING,10.716,31.227,3.519,120.695,2026-01-05,11,True,0.08878578234392477
2026-01-05 11:45:00,LILLE,LIL-PM-01,PUMP,IDLE,3.528,27.889,1.553,23.751,2026-01-05,11,False,0.14854111405835543
2026-01-05 12:00:00,LILLE,LIL-PM-01,PUMP,IDLE,3.863,30.159,1.469,23.819,2026-01-05,12,False,0.1621814517821907
2026-01-05 12:15:00,LILLE,LIL-PM-01,PUMP,RUNNING,10.683,31.708,3.48,126.244,2026-01-05,12,True,0.08462184341434048
2026-01-05 12:30:00,LILLE,LIL-PM-01,PUMP,RUNNING,9.568,30.874,3.272,127.848,2026-01-05,12,True,0.07483887115950191
2026-01-05 12:45:00,LILLE,LIL-PM-01,PUMP,IDLE,3.917,28.414,1.555,24.633,2026-01-05,12,False,0.1590143303698291
2026-01-05 13:00:00,LILLE,LIL-PM-01,PUMP,RUNNING,11.062,29.645,3.503,129.267,2026-01-05,13,True,0.08557481801233106
2026-01-05 13:15:00,LILLE,LIL-PM-01,PUMP,RUNNING,11.031,29.43,3.107,124.3,2026-01-05,13,True,0.08874497184231699
2026-01-05 13:30:00,LILLE,LIL-PM-01,PUMP,RUNNING,10.39,30.022,3.526,113.651,2026-01-05,13,True,0.09142022507501035
2026-01-05 13:45:00,LILLE,LIL-PM-01,PUMP,RUNNING,11.649,31.418,3.364,124.546,2026-01-05,13,True,0.09353170716040658
2026-01-05 14:00:00,LILLE,LIL-PM-01,PUMP,RUNNING,10.432,30.963,3.356,120.611,2026-01-05,14,True,0.08649294011325667
2026-01-05 14:15:00,LILLE,LIL-PM-01,PUMP,IDLE,4.259,29.806,1.582,22.692,2026-01-05,14,False,0.18768729067512782
2026-01-05 14:30:00,LILLE,LIL-PM-01,PUMP,RUNNING,10.184,31.274,3.475,107.676,2026-01-05,14,True,0.09458003640551282
2026-01-05 14:45:00,LILLE,LIL-PM-01,PUMP,RUNNING,11.352,29.743,3.333,126.141,2026-01-05,14,True,0.08999452993079173
2026-01-05 15:00:00,LILLE,LIL-PM-01,PUMP,RUNNING,11.286,31.165,3.501,116.74,2026-01-05,15,True,0.09667637485009423
2026-01-05 15:15:00,LILLE,LIL-PM-01,PUMP,RUNNING,10.594,30.984,3.402,126.438,2026-01-05,15,True,0.08378810167829291
2026-01-05 15:30:00,LILLE,LIL-PM-01,PUMP,RUNNING,10.616,30.922,3.323,123.506,2026-01-05,15,True,0.0859553382021926
2026-01-05 15:45:00,LILLE,LIL-PM-01,PUMP,RUNNING,10.53,32.067,3.448,111.6,2026-01-05,15,True,0.09435483870967742
2026-01-05 16:00:00,LILLE,LIL-PM-01,PUMP,RUNNING,11.824,31.784,3.354,129.403,2026-01-05,16,True,0.09137346120259963
2026-01-05 16:15:00,LILLE,LIL-PM-01,PUMP,RUNNING,12.116,29.951,3.31,126.869,2026-01-05,16,True,0.09550008276253458
2026-01-05 16:30:00,LILLE,LIL-PM-01,PUMP,RUNNING,9.985,32.973,3.357,114.326,2026-01-05,16,True,0.08733796336791282
2026-01-05 16:45:00,LILLE,LIL-PM-01,PUMP,RUNNING,11.526,30.696,3.228,127.435,2026-01-05,16,True,0.09044610978145722
2026-01-05 17:00:00,LILLE,LIL-PM-01,PUMP,IDLE,3.641,27.567,1.523,22.18,2026-01-05,17,False,0.16415689810640216
2026-01-05 17:15:00,LILLE,LIL-PM-01,PUMP,RUNNING,10.579,30.225,3.317,124.346,2026-01-05,17,True,0.0850771235102054
2026-01-05 17:30:00,LILLE,LIL-PM-01,PUMP,RUNNING,11.358,33.202,3.303,120.371,2026-01-05,17,True,0.09435827566440423
2026-01-05 17:45:00,LILLE,LIL-PM-01,PUMP,RUNNING,12.126,31.836,3.588,126.114,2026-01-05,17,True,0.09615110138446167
2026-01-05 18:00:00,LILLE,LIL-PM-01,PUMP,IDLE,3.898,28.839,1.476,25.75,2026-01-05,18,False,0.15137864077669905
2026-01-05 18:15:00,LILLE,LIL-PM-01,PUMP,RUNNING,10.719,31.387,3.514,111.013,2026-01-05,18,True,0.09655625917685315
2026-01-05 18:30:00,LILLE,LIL-PM-01,PUMP,IDLE,3.975,29.805,1.452,24.958,2026-01-05,18,False,0.15926756951678822
2026-01-05 18:45:00,LILLE,LIL-PM-01,PUMP,RUNNING,10.492,31.262,3.399,113.45,2026-01-05,18,True,0.09248126928162187
2026-01-05 19:00:00,LILLE,LIL-PM-01,PUMP,IDLE,3.697,30.473,1.416,24.441,2026-01-05,19,False,0.15126222331328507
2026-01-05 19:15:00,LILLE,LIL-PM-01,PUMP,RUNNING,12.8,30.125,3.293,121.164,2026-01-05,19,True,0.1056419398501205
2026-01-05 19:30:00,LILLE,LIL-PM-01,PUMP,RUNNING,9.307,30.584,3.5,110.153,2026-01-05,19,True,0.08449157081513894
2026-01-05 19:45:00,LILLE,LIL-PM-01,PUMP,RUNNING,11.0,32.332,3.522,114.575,2026-01-05,19,True,0.09600698232598734
2026-01-05 20:00:00,LILLE,LIL-PM-01,PUMP,RUNNING,11.73,29.504,3.35,129.937,2026-01-05,20,True,0.09027451765086157
2026-01-05 20:15:00,LILLE,LIL-PM-01,PUMP,RUNNING,11.309,30.706,3.096,125.557,2026-01-05,20,True,0.09007064520496666
2026-01-05 20:30:00,LILLE,LIL-PM-01,PUMP,RUNNING,10.416,31.261,3.444,120.331,2026-01-05,20,True,0.08656123525940947
2026-01-05 20:45:00,LILLE,LIL-PM-01,PUMP,IDLE,3.917,31.797,1.52,24.203,2026-01-05,20,False,0.16183944139156303
2026-01-05 21:00:00,LILLE,LIL-PM-01,PUMP,MAINTENANCE,1.034,25.043,0.347,2.242,2026-01-05,21,False,0.46119536128456734
2026-01-05 21:15:00,LILLE,LIL-PM-01,PUMP,RUNNING,11.489,29.741,3.537,127.184,2026-01-05,21,True,0.09033368977229841
2026-01-05 21:30:00,LILLE,LIL-PM-01,PUMP,RUNNING,11.268,31.012,3.39,131.381,2026-01-05,21,True,0.08576582610879808
2026-01-05 21:45:00,LILLE,LIL-PM-01,PUMP,IDLE,3.81,27.945,1.569,24.636,2026-01-05,21,False,0.1546517291768144
2026-01-05 22:00:00,LILLE,LIL-PM-01,PUMP,RUNNING,11.658,31.287,3.441,113.619,2026-01-05,22,True,0.1026060782087503
2026-01-05 22:15:00,LILLE,LIL-PM-01,PUMP,RUNNING,11.736,30.296,3.563,120.744,2026-01-05,22,True,0.09719737626714371
2026-01-05 22:30:00,LILLE,LIL-PM-01,PUMP,RUNNING,11.433,31.773,3.324,117.06,2026-01-05,22,True,0.09766786263454638
2026-01-05 22:45:00,LILLE,LIL-PM-01,PUMP,RUNNING,10.857,30.662,3.45,119.644,2026-01-05,22,True,0.09074420781652234
2026-01-05 23:00:00,LILLE,LIL-PM-01,PUMP,IDLE,3.162,28.881,1.473,23.602,2026-01-05,23,False,0.13397169731378697
2026-01-05 23:15:00,LILLE,LIL-PM-01,PUMP,IDLE,3.422,27.155,1.53,24.217,2026-01-05,23,False,0.14130569434694637
2026-01-05 23:30:00,LILLE,LIL-PM-01,PUMP,STOPPED,0.698,27.049,0.281,2.028,2026-01-05,23,False,0.34418145956607493
2026-01-05 23:45:00,LILLE,LIL-PM-01,PUMP,IDLE,3.816,29.228,1.422,23.373,2026-01-05,23,False,0.16326530612244897
