timestamp,site_id,equipment_id,equipment_type,machine_state,energy_kwh,temperature_c,pressure_bar,flow_m3_h
2026-01-05T00:00:00,LILLE,LIL-CP-01,COMPRESSOR,IDLE,8.799,70.264,3.275,49.703
2026-01-05T00:15:00,LILLE,LIL-CP-01,COMPRESSOR,IDLE,8.567,69.439,3.212,46.267
2026-01-05T00:30:00,LILLE,LIL-CP-01,COMPRESSOR,RUNNING,23.666,71.983,7.332,245.808
2026-01-05T00:45:00,LILLE,LIL-CP-01,COMPRESSOR,IDLE,8.524,72.753,3.245,45.755
2026-01-05T01:00:00,LILLE,LIL-CP-01,COMPRESSOR,STOPPED,1.862,65.263,0.79,5.224
2026-01-05T01:15:00,LILLE,LIL-CP-01,COMPRESSOR,RUNNING,24.542,72.536,7.425,217.198
2026-01-05T01:30:00,LILLE,LIL-CP-01,COMPRESSOR,STOPPED,1.889,64.528,0.768,4.551
2026-01-05T01:45:00,LILLE,LIL-CP-01,COMPRESSOR,IDLE,8.735,67.44,3.35,43.695
2026-01-05T02:00:00,LILLE,LIL-CP-01,COMPRESSOR,IDLE,8.748,70.429,3.227,46.909
2026-01-05T02:15:00,LILLE,LIL-CP-01,COMPRESSOR,RUNNING,24.936,73.034,7.019,221.75
2026-01-05T02:30:00,LILLE,LIL-CP-01,COMPRESSOR,RUNNING,24.286,73.648,7.584,223.559
2026-01-05T02:45:00,LILLE,LIL-CP-01,COMPRESSOR,IDLE,8.787,72.986,3.306,47.922
2026-01-05T03:00:00,LILLE,LIL-CP-01,COMPRESSOR,MAINTENANCE,1.757,65.024,0.682,4.071
2026-01-05T03:15:00,LILLE,LIL-CP-01,COMPRESSOR,STOPPED,1.927,67.509,0.704,4.817
2026-01-05T03:30:00,LILLE,LIL-CP-01,COMPRESSOR,RUNNING,26.757,70.449,7.034,245.42
2026-01-05T03:45:00,LILLE,LIL-CP-01,COMPRESSOR,RUNNING,25.371,70.776,7.18,238.617
2026-01-05T04:00:00,LILLE,LIL-CP-01,COMPRESSOR,IDLE,8.347,72.775,3.345,44.609
2026-01-05T04:15:00,LILLE,LIL-CP-01,COMPRESSOR,RUNNING,25.719,71.96,7.275,231.932
2026-01-05T04:30:00,LILLE,LIL-CP-01,COMPRESSOR,RUNNING,22.223,69.252,7.108,231.958
2026-01-05T04:45:00,LILLE,LIL-CP-01,COMPRESSOR,RUNNING,25.767,71.935,7.762,225.873
2026-01-05T05:00:00,LILLE,LIL-CP-01,COMPRESSOR,RUNNING,23.601,68.787,6.979,227.914
2026-01-05T05:15:00,LILLE,LIL-CP-01,COMPRESSOR,IDLE,8.811,71.447,2.932,47.635
2026-01-05T05:30:00,LILLE,LIL-CP-01,COMPRESSOR,STOPPED,1.9,69.36,0.768,5.197
2026-01-05T05:45:00,LILLE,LIL-CP-01,COMPRESSOR,STOPPED,1.834,69.737,0.698,4.491
2026-01-05T06:00:00,LILLE,LIL-CP-01,COMPRESSOR,STOPPED,1.583,66.145,0.718,4.598
2026-01-05T06:15:00,LILLE,LIL-CP-01,COMPRESSOR,RUNNING,27.288,72.607,7.593,215.012
2026-01-05T06:30:00,LILLE,LIL-CP-01,COMPRESSOR,RUNNING,26.76,73.577,7.315,228.408
2026-01-05T06:45:00,LILLE,LIL-CP-01,COMPRESSOR,IDLE,9.173,71.496,3.247,44.8
2026-01-05T07:00:00,LILLE,LIL-CP-01,COMPRESSOR,RUNNING,22.925,71.478,7.41,221.334
2026-01-05T07:15:00,LILLE,LIL-CP-01,COMPRESSOR,RUNNING,21.741,71.146,7.275,239.476
2026-01-05T07:30:00,LILLE,LIL-CP-01,COMPRESSOR,STOPPED,1.794,65.255,0.695,4.583
2026-01-05T07:45:00,LILLE,LIL-CP-01,COMPRESSOR,RUNNING,22.992,74.448,7.225,238.048
2026-01-05T08:00:00,LILLE,LIL-CP-01,COMPRESSOR,RUNNING,23.294,70.857,7.673,217.24
2026-01-05T08:15:00,LILLE,LIL-CP-01,COMPRESSOR,RUNNING,24.161,75.203,7.234,235.973
2026-01-05T08:30:00,LILLE,LIL-CP-01,COMPRESSOR,IDLE,7.886,68.974,3.291,41.923
2026-01-05T08:45:00,LILLE,LIL-CP-01,COMPRESSOR,RUNNING,25.254,73.312,6.913,235.96
2026-01-05T09:00:00,LILLE,LIL-CP-01,COMPRESSOR,RUNNING,22.08,66.488,7.438,236.767
2026-01-05T09:15:00,LILLE,LIL-CP-01,COMPRESSOR,RUNNING,24.703,70.753,7.315,241.673
2026-01-05T09:30:00,LILLE,LIL-CP-01,COMPRESSOR,RUNNING,23.805,73.611,7.476,224.23
2026-01-05T09:45:00,LILLE,LIL-CP-01,COMPRESSOR,IDLE,8.246,69.79,3.486,45.98
2026-01-05T10:00:00,LILLE,LIL-CP-01,COMPRESSOR,STOPPED,2.268,65.257,0.749,4.899
2026-01-05T10:15:00,LILLE,LIL-CP-01,COMPRESSOR,RUNNING,23.593,72.437,6.594,253.028
2026-01-05T10:30:00,LILLE,LIL-CP-01,COMPRESSOR,RUNNING,24.337,69.674,6.56,243.434
2026-01-05T10:45:00,LILLE,LIL-CP-01,COMPRESSOR,STOPPED,1.621,65.902,0.744,4.808
2026-01-05T11:00:00,LILLE,LIL-CP-01,COMPRESSOR,STOPPED,1.7,65.801,0.72,4.497
2026-01-05T11:15:00,LILLE,LIL-CP-01,COMPRESSOR,RUNNING,21.182,71.924,7.603,254.455
2026-01-05T11:30:00,LILLE,LIL-CP-01,COMPRESSOR,RUNNING,24.76,74.671,7.105,222.491
2026-01-05T11:45:00,LILLE,LIL-CP-01,COMPRESSOR,RUNNING,24.835,70.967,6.868,221.056
2026-01-05T12:00:00,LILLE,LIL-CP-01,COMPRESSOR,STOPPED,12.8,70.681,7.379,226.899
2026-01-05T12:15:00,LILLE,LIL-CP-01,COMPRESSOR,RUNNING,24.103,74.163,7.085,221.439
2026-01-05T12:30:00,LILLE,LIL-CP-01,COMPRESSOR,RUNNING,24.007,71.162,6.199,240.721
2026-01-05T12:45:00,LILLE,LIL-CP-01,COMPRESSOR,STOPPED,2.044,67.618,0.709,5.295
2026-01-05T13:00:00,LILLE,LIL-CP-01,COMPRESSOR,IDLE,8.751,68.612,3.374,49.645
2026-01-05T13:15:00,LILLE,LIL-CP-01,COMPRESSOR,RUNNING,20.752,67.882,7.18,228.813
2026-01-05T13:30:00,LILLE,LIL-CP-01,COMPRESSOR,IDLE,8.173,72.951,3.305,45.538
2026-01-05T13:45:00,LILLE,LIL-CP-01,COMPRESSOR,RUNNING,25.43,73.708,7.145,245.517
2026-01-05T14:00:00,LILLE,LIL-CP-01,COMPRESSOR,RUNNING,24.587,74.934,7.171,243.266
2026-01-05T14:15:00,LILLE,LIL-CP-01,COMPRESSOR,IDLE,8.526,69.239,3.147,46.855
2026-01-05T14:30:00,LILLE,LIL-CP-01,COMPRESSOR,RUNNING,24.271,68.952,7.164,248.856
2026-01-05T14:45:00,LILLE,LIL-CP-01,COMPRESSOR,RUNNING,23.82,72.132,7.731,240.85
2026-01-05T15:00:00,LILLE,LIL-CP-01,COMPRESSOR,IDLE,7.483,68.874,3.176,45.355
2026-01-05T15:15:00,LILLE,LIL-CP-01,COMPRESSOR,RUNNING,22.896,76.319,7.363,208.119
2026-01-05T15:30:00,LILLE,LIL-CP-01,COMPRESSOR,IDLE,8.495,71.541,3.42,48.409
2026-01-05T15:45:00,LILLE,LIL-CP-01,COMPRESSOR,IDLE,7.816,71.623,3.409,50.377
2026-01-05T16:00:00,LILLE,LIL-CP-01,COMPRESSOR,IDLE,9.309,69.429,3.261,45.651
2026-01-05T16:15:00,LILLE,LIL-CP-01,COMPRESSOR,RUNNING,22.357,76.341,7.385,208.252
2026-01-05T16:30:00,LILLE,LIL-CP-01,COMPRESSOR,IDLE,8.307,73.675,3.445,48.93
2026-01-05T16:45:00,LILLE,LIL-CP-01,COMPRESSOR,IDLE,8.56,73.81,3.133,46.484
2026-01-05T17:00:00,LILLE,LIL-CP-01,COMPRESSOR,IDLE,8.415,70.455,3.28,47.922
2026-01-05T17:15:00,LILLE,LIL-CP-01,COMPRESSOR,IDLE,8.799,69.649,3.157,44.196
2026-01-05T17:30:00,LILLE,LIL-CP-01,COMPRESSOR,STOPPED,1.459,65.927,0.819,5.128
2026-01-05T17:45:00,LILLE,LIL-CP-01,COMPRESSOR,RUNNING,25.1,71.604,7.439,237.732
2026-01-05T18:00:00,LILLE,LIL-CP-01,COMPRESSOR,RUNNING,23.234,74.716,6.917,229.187
2026-01-05T18:15:00,LILLE,LIL-CP-01,COMPRESSOR,RUNNING,23.933,75.391,7.856,230.279
2026-01-05T18:30:00,LILLE,LIL-CP-01,COMPRESSOR,RUNNING,23.548,68.51,7.069,220.388
2026-01-05T18:45:00,LILLE,LIL-CP-01,COMPRESSOR,RUNNING,23.338,70.34,6.981,250.547
2026-01-05T19:00:00,LILLE,LIL-CP-01,COMPRESSOR,IDLE,8.265,71.717,3.13,47.27
2026-01-05T19:15:00,LILLE,LIL-CP-01,COMPRESSOR,RUNNING,25.048,73.618,7.603,223.669
2026-01-05T19:30:00,LILLE,LIL-CP-01,COMPRESSOR,MAINTENANCE,1.793,65.871,0.719,4.597
2026-01-05T19:45:00,LILLE,LIL-CP-01,COMPRESSOR,RUNNING,22.284,73.213,7.018,219.375
2026-01-05T20:00:00,LILLE,LIL-CP-01,COMPRESSOR,RUNNING,24.369,74.382,7.618,218.07
2026-01-05T20:15:00,LILLE,LIL-CP-01,COMPRESSOR,RUNNING,25.493,73.321,7.025,222.295
2026-01-05T20:30:00,LILLE,LIL-CP-01,COMPRESSOR,STOPPED,1.922,63.996,0.725,4.797
2026-01-05T20:45:00,LILLE,LIL-CP-01,COMPRESSOR,RUNNING,24.053,74.451,7.266,226.378
2026-01-05T21:00:00,LILLE,LIL-CP-01,COMPRESSOR,RUNNING,23.351,70.966,7.089,217.325
2026-01-05T21:15:00,LILLE,LIL-CP-01,COMPRESSOR,RUNNING,23.915,71.811,7.203,210.283
2026-01-05T21:30:00,LILLE,LIL-CP-01,COMPRESSOR,RUNNING,23.202,72.609,7.536,226.373
2026-01-05T21:45:00,LILLE,LIL-CP-01,COMPRESSOR,RUNNING,24.014,76.195,6.701,235.586
2026-01-05T22:00:00,LILLE,LIL-CP-01,COMPRESSOR,IDLE,9.076,69.785,3.5,44.503
2026-01-05T22:15:00,LILLE,LIL-CP-01,COMPRESSOR,IDLE,8.285,67.557,3.319,43.465
2026-01-05T22:30:00,LILLE,LIL-CP-01,COMPRESSOR,STOPPED,1.911,64.721,0.718,4.826
2026-01-05T22:45:00,LILLE,LIL-CP-01,COMPRESSOR,IDLE,8.461,67.464,3.167,44.683
2026-01-05T23:00:00,LILLE,LIL-CP-01,COMPRESSOR,RUNNING,23.745,73.677,7.048,242.981
2026-01-05T23:15:00,LILLE,LIL-CP-01,COMPRESSOR,RUNNING,24.26,75.301,7.172,225.966
2026-01-05T23:30:00,LILLE,LIL-CP-01,COMPRESSOR,RUNNING,22.56,71.408,7.281,241.567
2026-01-05T23:45:00,LILLE,LIL-CP-01,COMPRESSOR,MAINTENANCE,1.654,65.438,0.773,4.2
2026-01-05T00:00:00,LILLE,LIL-CP-02,COMPRESSOR,RUNNING,25.34,72.074,7.212,207.468
2026-01-05T00:15:00,LILLE,LIL-CP-02,COMPRESSOR,MAINTENANCE,1.63,68.625,0.655,4.483
2026-01-05T00:30:00,LILLE,LIL-CP-02,COMPRESSOR,RUNNING,24.294,74.269,7.456,231.888
2026-01-05T00:45:00,LILLE,LIL-CP-02,COMPRESSOR,IDLE,8.15,70.713,3.174,46.245
2026-01-05T01:00:00,LILLE,LIL-CP-02,COMPRESSOR,IDLE,8.897,70.354,3.212,45.788
2026-01-05T01:15:00,LILLE,LIL-CP-02,COMPRESSOR,IDLE,8.769,71.76,3.36,46.698
2026-01-05T01:30:00,LILLE,LIL-CP-02,COMPRESSOR,RUNNING,22.868,75.238,6.851,243.223
2026-01-05T01:45:00,LILLE,LIL-CP-02,COMPRESSOR,STOPPED,1.919,67.831,0.782,4.645
2026-01-05T02:00:00,LILLE,LIL-CP-02,COMPRESSOR,MAINTENANCE,1.75,69.357,0.734,4.173
2026-01-05T02:15:00,LILLE,LIL-CP-02,COMPRESSOR,STOPPED,2.047,66.583,0.749,4.622
2026-01-05T02:30:00,LILLE,LIL-CP-02,COMPRESSOR,RUNNING,23.101,69.566,7.289,247.472
2026-01-05T02:45:00,LILLE,LIL-CP-02,COMPRESSOR,STOPPED,2.055,69.389,0.72,4.452
2026-01-05T03:00:00,LILLE,LIL-CP-02,COMPRESSOR,STOPPED,2.013,66.789,0.763,4.642
2026-01-05T03:15:00,LILLE,LIL-CP-02,COMPRESSOR,IDLE,8.889,69.452,3.229,45.108
2026-01-05T03:30:00,LILLE,LIL-CP-02,COMPRESSOR,IDLE,8.237,69.302,3.276,41.562
2026-01-05T03:45:00,LILLE,LIL-CP-02,COMPRESSOR,IDLE,9.449,74.158,3.264,43.92
2026-01-05T04:00:00,LILLE,LIL-CP-02,COMPRESSOR,RUNNING,22.825,73.864,6.896,248.806
2026-01-05T04:15:00,LILLE,LIL-CP-02,COMPRESSOR,STOPPED,2.321,70.149,0.658,4.176
2026-01-05T04:30:00,LILLE,LIL-CP-02,COMPRESSOR,IDLE,7.646,71.347,3.34,45.607
2026-01-05T04:45:00,LILLE,LIL-CP-02,COMPRESSOR,STOPPED,1.697,66.451,0.646,4.791
2026-01-05T05:00:00,LILLE,LIL-CP-02,COMPRESSOR,RUNNING,25.619,68.732,7.709,242.307
2026-01-05T05:15:00,LILLE,LIL-CP-02,COMPRESSOR,RUNNING,22.071,72.652,7.15,231.913
2026-01-05T05:30:00,LILLE,LIL-CP-02,COMPRESSOR,STOPPED,1.977,68.263,0.734,4.339
2026-01-05T05:45:00,LILLE,LIL-CP-02,COMPRESSOR,STOPPED,1.871,65.459,0.841,4.647
2026-01-05T06:00:00,LILLE,LIL-CP-02,COMPRESSOR,RUNNING,23.688,69.543,7.223,212.408
2026-01-05T06:15:00,LILLE,LIL-CP-02,COMPRESSOR,IDLE,7.507,70.215,3.316,46.899
2026-01-05T06:30:00,LILLE,LIL-CP-02,COMPRESSOR,IDLE,8.17,72.601,3.083,46.473
2026-01-05T06:45:00,LILLE,LIL-CP-02,COMPRESSOR,RUNNING,23.967,70.065,7.133,221.256
2026-01-05T07:00:00,LILLE,LIL-CP-02,COMPRESSOR,RUNNING,24.684,72.971,7.461,239.725
2026-01-05T07:15:00,LILLE,LIL-CP-02,COMPRESSOR,RUNNING,24.399,73.385,6.74,231.831
2026-01-05T07:30:00,LILLE,LIL-CP-02,COMPRESSOR,STOPPED,1.759,66.747,0.747,4.716
2026-01-05T07:45:00,LILLE,LIL-CP-02,COMPRESSOR,RUNNING,24.104,72.329,6.975,228.04
2026-01-05T08:00:00,LILLE,LIL-CP-02,COMPRESSOR,STOPPED,1.628,65.977,0.791,5.031
2026-01-05T08:15:00,LILLE,LIL-CP-02,COMPRESSOR,RUNNING,25.311,69.976,6.895,232.368
2026-01-05T08:30:00,LILLE,LIL-CP-02,COMPRESSOR,RUNNING,27.25,73.631,6.67,232.981
2026-01-05T08:45:00,LILLE,LIL-CP-02,COMPRESSOR,RUNNING,25.813,73.366,7.355,232.161
2026-01-05T09:00:00,LILLE,LIL-CP-02,COMPRESSOR,RUNNING,22.473,78.509,7.56,243.247
2026-01-05T09:15:00,LILLE,LIL-CP-02,COMPRESSOR,RUNNING,24.261,70.505,6.888,228.221
2026-01-05T09:30:00,LILLE,LIL-CP-02,COMPRESSOR,RUNNING,26.79,66.952,7.063,245.06
2026-01-05T09:45:00,LILLE,LIL-CP-02,COMPRESSOR,RUNNING,23.782,66.765,7.252,237.641
2026-01-05T10:00:00,LILLE,LIL-CP-02,COMPRESSOR,RUNNING,24.491,73.114,7.219,230.382
2026-01-05T10:15:00,LILLE,LIL-CP-02,COMPRESSOR,RUNNING,23.007,71.004,7.252,247.896
2026-01-05T10:30:00,LILLE,LIL-CP-02,COMPRESSOR,RUNNING,21.895,72.938,7.65,220.683
2026-01-05T10:45:00,LILLE,LIL-CP-02,COMPRESSOR,RUNNING,22.224,67.732,6.878,236.537
2026-01-05T11:00:00,LILLE,LIL-CP-02,COMPRESSOR,RUNNING,26.262,69.799,7.356,233.005
2026-01-05T11:15:00,LILLE,LIL-CP-02,COMPRESSOR,RUNNING,23.988,69.197,7.164,235.753
2026-01-05T11:30:00,LILLE,LIL-CP-02,COMPRESSOR,RUNNING,22.93,67.09,6.864,229.96
2026-01-05T11:45:00,LILLE,LIL-CP-02,COMPRESSOR,RUNNING,25.484,72.569,7.104,237.845
2026-01-05T12:00:00,LILLE,LIL-CP-02,COMPRESSOR,RUNNING,26.66,71.026,6.571,217.155
2026-01-05T12:15:00,LILLE,LIL-CP-02,COMPRESSOR,STOPPED,1.846,65.593,0.801,4.726
2026-01-05T12:30:00,LILLE,LIL-CP-02,COMPRESSOR,RUNNING,22.14,68.083,7.359,243.867
2026-01-05T12:45:00,LILLE,LIL-CP-02,COMPRESSOR,RUNNING,23.371,72.049,7.05,238.455
2026-01-05T13:00:00,LILLE,LIL-CP-02,COMPRESSOR,RUNNING,24.807,70.494,7.118,221.105
2026-01-05T13:15:00,LILLE,LIL-CP-02,COMPRESSOR,IDLE,8.648,67.555,3.132,46.56
2026-01-05T13:30:00,LILLE,LIL-CP-02,COMPRESSOR,RUNNING,25.44,71.591,6.346,226.864
2026-01-05T13:45:00,LILLE,LIL-CP-02,COMPRESSOR,RUNNING,22.566,71.41,7.304,240.071
2026-01-05T14:00:00,LILLE,LIL-CP-02,COMPRESSOR,RUNNING,22.284,69.413,7.305,243.903
2026-01-05T14:15:00,LILLE,LIL-CP-02,COMPRESSOR,IDLE,7.678,71.232,3.492,50.275
2026-01-05T14:30:00,LILLE,LIL-CP-02,COMPRESSOR,RUNNING,24.057,73.266,6.853,225.422
2026-01-05T14:45:00,LILLE,LIL-CP-02,COMPRESSOR,RUNNING,27.178,71.768,7.06,231.379
2026-01-05T15:00:00,LILLE,LIL-CP-02,COMPRESSOR,IDLE,7.6,70.034,3.137,45.898
2026-01-05T15:15:00,LILLE,LIL-CP-02,COMPRESSOR,RUNNING,8.774,69.806,7.2,45.284
2026-01-05T15:30:00,LILLE,LIL-CP-02,COMPRESSOR,RUNNING,7.365,69.776,11.4,44.605
2026-01-05T15:45:00,LILLE,LIL-CP-02,COMPRESSOR,IDLE,7.388,72.496,3.0,45.793
2026-01-05T16:00:00,LILLE,LIL-CP-02,COMPRESSOR,RUNNING,23.425,74.74,7.534,229.908
2026-01-05T16:15:00,LILLE,LIL-CP-02,COMPRESSOR,RUNNING,22.714,71.523,6.858,225.385
2026-01-05T16:30:00,LILLE,LIL-CP-02,COMPRESSOR,RUNNING,23.594,73.257,7.078,215.83
2026-01-05T16:45:00,LILLE,LIL-CP-02,COMPRESSOR,RUNNING,24.069,71.363,7.185,212.035
2026-01-05T17:00:00,LILLE,LIL-CP-02,COMPRESSOR,IDLE,7.839,72.034,3.397,40.161
2026-01-05T17:15:00,LILLE,LIL-CP-02,COMPRESSOR,RUNNING,25.655,72.588,6.709,217.537
2026-01-05T17:30:00,LILLE,LIL-CP-02,COMPRESSOR,IDLE,7.827,70.94,3.04,46.984
2026-01-05T17:45:00,LILLE,LIL-CP-02,COMPRESSOR,RUNNING,23.53,70.966,6.454,235.781
2026-01-05T18:00:00,LILLE,LIL-CP-02,COMPRESSOR,RUNNING,23.265,69.071,7.536,211.95
2026-01-05T18:15:00,LILLE,LIL-CP-02,COMPRESSOR,IDLE,8.079,71.254,3.197,42.192
2026-01-05T18:30:00,LILLE,LIL-CP-02,COMPRESSOR,IDLE,8.585,70.177,3.042,42.197
2026-01-05T18:45:00,LILLE,LIL-CP-02,COMPRESSOR,STOPPED,1.916,64.856,0.778,4.847
2026-01-05T19:00:00,LILLE,LIL-CP-02,COMPRESSOR,STOPPED,1.631,68.072,0.733,4.548
2026-01-05T19:15:00,LILLE,LIL-CP-02,COMPRESSOR,STOPPED,1.868,68.876,0.758,4.893
2026-01-05T19:30:00,LILLE,LIL-CP-02,COMPRESSOR,IDLE,8.481,68.764,3.471,48.215
2026-01-05T19:45:00,LILLE,LIL-CP-02,COMPRESSOR,IDLE,8.464,74.631,3.33,48.002
2026-01-05T20:00:00,LILLE,LIL-CP-02,COMPRESSOR,RUNNING,23.993,72.297,7.409,206.7
2026-01-05T20:15:00,LILLE,LIL-CP-02,COMPRESSOR,IDLE,8.697,71.899,3.143,48.526
2026-01-05T20:30:00,LILLE,LIL-CP-02,COMPRESSOR,IDLE,8.06,70.729,3.289,44.734
2026-01-05T20:45:00,LILLE,LIL-CP-02,COMPRESSOR,RUNNING,22.946,72.167,6.861,223.432
2026-01-05T21:00:00,LILLE,LIL-CP-02,COMPRESSOR,MAINTENANCE,1.765,72.329,0.698,4.399
2026-01-05T21:15:00,LILLE,LIL-CP-02,COMPRESSOR,IDLE,8.073,66.808,3.409,46.953
2026-01-05T21:30:00,LILLE,LIL-CP-02,COMPRESSOR,IDLE,8.741,69.023,3.294,43.003
2026-01-05T21:45:00,LILLE,LIL-CP-02,COMPRESSOR,RUNNING,22.689,69.723,6.998,213.487
2026-01-05T22:00:00,LILLE,LIL-CP-02,COMPRESSOR,IDLE,8.774,67.489,3.393,44.109
2026-01-05T22:15:00,LILLE,LIL-CP-02,COMPRESSOR,RUNNING,22.234,73.033,7.186,225.032
2026-01-05T22:30:00,LILLE,LIL-CP-02,COMPRESSOR,RUNNING,23.986,70.658,7.442,240.571
2026-01-05T22:45:00,LILLE,LIL-CP-02,COMPRESSOR,MAINTENANCE,1.486,66.143,0.739,4.398
2026-01-05T23:00:00,LILLE,LIL-CP-02,COMPRESSOR,STOPPED,1.56,67.415,0.719,4.327
2026-01-05T23:15:00,LILLE,LIL-CP-02,COMPRESSOR,RUNNING,24.772,71.725,7.759,225.234
2026-01-05T23:30:00,LILLE,LIL-CP-02,COMPRESSOR,IDLE,9.708,69.31,3.282,43.933
2026-01-05T23:45:00,LILLE,LIL-CP-02,COMPRESSOR,STOPPED,2.167,67.218,0.648,4.726
2026-01-05T00:00:00,LILLE,LIL-PM-01,PUMP,IDLE,3.48,28.18,1.557,23.789
2026-01-05T00:15:00,LILLE,LIL-PM-01,PUMP,RUNNING,12.354,31.302,3.12,114.983
2026-01-05T00:30:00,LILLE,LIL-PM-01,PUMP,RUNNING,12.134,31.67,3.497,117.256
2026-01-05T00:45:00,LILLE,LIL-PM-01,PUMP,RUNNING,12.019,32.731,3.347,126.586
2026-01-05T01:00:00,LILLE,LIL-PM-01,PUMP,RUNNING,11.271,30.673,3.206,122.567
2026-01-05T01:15:00,LILLE,LIL-PM-01,PUMP,IDLE,4.077,28.698,1.528,23.306
2026-01-05T01:30:00,LILLE,LIL-PM-01,PUMP,RUNNING,11.622,31.628,3.12,128.057
2026-01-05T01:45:00,LILLE,LIL-PM-01,PUMP,RUNNING,10.509,31.732,3.655,116.393
2026-01-05T02:00:00,LILLE,LIL-PM-01,PUMP,RUNNING,10.675,29.928,3.527,119.215
2026-01-05T02:15:00,LILLE,LIL-PM-01,PUMP,RUNNING,11.124,31.441,3.487,114.606
2026-01-05T02:30:00,LILLE,LIL-PM-01,PUMP,IDLE,3.654,28.088,1.637,24.282
2026-01-05T02:45:00,LILLE,LIL-PM-01,PUMP,RUNNING,11.598,31.853,3.61,124.268
2026-01-05T03:00:00,LILLE,LIL-PM-01,PUMP,RUNNING,11.283,32.835,3.364,122.986
2026-01-05T03:15:00,LILLE,LIL-PM-01,PUMP,MAINTENANCE,1.275,26.027,0.356,2.525
2026-01-05T03:30:00,LILLE,LIL-PM-01,PUMP,RUNNING,11.443,32.217,3.423,120.167
2026-01-05T03:45:00,LILLE,LIL-PM-01,PUMP,STOPPED,0.893,26.688,0.348,2.487
2026-01-05T04:00:00,LILLE,LIL-PM-01,PUMP,IDLE,3.473,28.765,1.425,24.31
2026-01-05T04:15:00,LILLE,LIL-PM-01,PUMP,IDLE,4.062,29.652,1.547,23.88
2026-01-05T04:30:00,LILLE,LIL-PM-01,PUMP,STOPPED,1.043,25.298,0.216,2.602
2026-01-05T04:45:00,LILLE,LIL-PM-01,PUMP,RUNNING,10.337,31.124,3.338,113.588
2026-01-05T05:00:00,LILLE,LIL-PM-01,PUMP,MAINTENANCE,0.953,26.143,0.326,2.33
2026-01-05T05:15:00,LILLE,LIL-PM-01,PUMP,RUNNING,10.442,30.13,3.2,137.274
2026-01-05T05:30:00,LILLE,LIL-PM-01,PUMP,IDLE,3.548,29.34,1.607,25.089
2026-01-05T05:45:00,LILLE,LIL-PM-01,PUMP,STOPPED,0.68,24.915,0.334,2.195
2026-01-05T06:00:00,LILLE,LIL-PM-01,PUMP,IDLE,3.878,29.784,1.469,24.358
2026-01-05T06:15:00,LILLE,LIL-PM-01,PUMP,RUNNING,10.125,31.611,3.345,122.453
2026-01-05T06:30:00,LILLE,LIL-PM-01,PUMP,MAINTENANCE,1.225,26.603,0.359,2.475
2026-01-05T06:45:00,LILLE,LIL-PM-01,PUMP,IDLE,3.961,27.973,1.463,23.203
2026-01-05T07:00:00,LILLE,LIL-PM-01,PUMP,RUNNING,11.443,31.604,3.285,111.386
2026-01-05T07:15:00,LILLE,LIL-PM-01,PUMP,IDLE,3.74,26.751,1.484,23.341
2026-01-05T07:30:00,LILLE,LIL-PM-01,PUMP,RUNNING,11.224,32.323,3.41,122.834
2026-01-05T07:45:00,LILLE,LIL-PM-01,PUMP,IDLE,3.586,30.091,1.431,23.022
2026-01-05T08:00:00,LILLE,LIL-PM-01,PUMP,IDLE,4.271,28.744,1.464,22.873
2026-01-05T08:15:00,LILLE,LIL-PM-01,PUMP,RUNNING,12.12,30.246,3.391,123.762
2026-01-05T08:30:00,LILLE,LIL-PM-01,PUMP,RUNNING,10.782,31.79,3.674,120.465
2026-01-05T08:45:00,LILLE,LIL-PM-01,PUMP,RUNNING,10.704,31.3,3.377,118.888
2026-01-05T09:00:00,LILLE,LIL-PM-01,PUMP,RUNNING,11.15,31.947,3.329,124.853
2026-01-05T09:15:00,LILLE,LIL-PM-01,PUMP,RUNNING,11.143,29.813,3.438,121.004
2026-01-05T09:30:00,LILLE,LIL-PM-01,PUMP,RUNNING,10.271,30.061,3.372,128.752
2026-01-05T09:45:00,LILLE,LIL-PM-01,PUMP,RUNNING,10.507,31.265,3.402,117.052
2026-01-05T10:00:00,LILLE,LIL-PM-01,PUMP,RUNNING,10.794,32.371,3.199,120.747
2026-01-05T10:15:00,LILLE,LIL-PM-01,PUMP,RUNNING,10.294,31.769,3.515,120.245
2026-01-05T10:30:00,LILLE,LIL-PM-01,PUMP,RUNNING,11.33,31.542,3.392,120.659
2026-01-05T10:45:00,LILLE,LIL-PM-01,PUMP,RUNNING,11.291,31.812,3.354,113.23
2026-01-05T11:00:00,LILLE,LIL-PM-01,PUMP,IDLE,3.881,28.684,1.542,23.731
2026-01-05T11:15:00,LILLE,LIL-PM-01,PUMP,RUNNING,12.156,30.12,3.242,116.411
2026-01-05T11:30:00,LILLE,LIL-PM-01,PUMP,RUNNING,10.716,31.227,3.519,120.695
2026-01-05T11:45:00,LILLE,LIL-PM-01,PUMP,IDLE,3.528,27.889,1.553,23.751
2026-01-05T12:00:00,LILLE,LIL-PM-01,PUMP,IDLE,3.863,30.159,1.469,23.819
2026-01-05T12:15:00,LILLE,LIL-PM-01,PUMP,RUNNING,10.683,31.708,3.48,126.244
2026-01-05T12:30:00,LILLE,LIL-PM-01,PUMP,RUNNING,9.568,30.874,3.272,127.848
2026-01-05T12:45:00,LILLE,LIL-PM-01,PUMP,IDLE,3.917,28.414,1.555,24.633
2026-01-05T13:00:00,LILLE,LIL-PM-01,PUMP,RUNNING,11.062,29.645,3.503,129.267
2026-01-05T13:15:00,LILLE,LIL-PM-01,PUMP,RUNNING,11.031,29.43,3.107,124.3
2026-01-05T13:30:00,LILLE,LIL-PM-01,PUMP,RUNNING,10.39,30.022,3.526,113.651
2026-01-05T13:45:00,LILLE,LIL-PM-01,PUMP,RUNNING,11.649,31.418,3.364,124.546
2026-01-05T14:00:00,LILLE,LIL-PM-01,PUMP,RUNNING,10.432,30.963,3.356,120.611
2026-01-05T14:15:00,LILLE,LIL-PM-01,PUMP,IDLE,4.259,29.806,1.582,22.692
2026-01-05T14:30:00,LILLE,LIL-PM-01,PUMP,RUNNING,10.184,31.274,3.475,107.676
2026-01-05T14:45:00,LILLE,LIL-PM-01,PUMP,RUNNING,11.352,29.743,3.333,126.141
2026-01-05T15:00:00,LILLE,LIL-PM-01,PUMP,RUNNING,11.286,31.165,3.501,116.74
2026-01-05T15:15:00,LILLE,LIL-PM-01,PUMP,RUNNING,10.594,30.984,3.402,126.438
2026-01-05T15:30:00,LILLE,LIL-PM-01,PUMP,RUNNING,10.616,30.922,3.323,123.506
2026-01-05T15:45:00,LILLE,LIL-PM-01,PUMP,RUNNING,10.53,32.067,3.448,111.6
2026-01-05T16:00:00,LILLE,LIL-PM-01,PUMP,RUNNING,11.824,31.784,3.354,129.403
2026-01-05T16:15:00,LILLE,LIL-PM-01,PUMP,RUNNING,12.116,29.951,3.31,126.869
2026-01-05T16:30:00,LILLE,LIL-PM-01,PUMP,RUNNING,9.985,32.973,3.357,114.326
2026-01-05T16:45:00,LILLE,LIL-PM-01,PUMP,RUNNING,11.526,30.696,3.228,127.435
2026-01-05T17:00:00,LILLE,LIL-PM-01,PUMP,IDLE,3.641,27.567,1.523,22.18
2026-01-05T17:15:00,LILLE,LIL-PM-01,PUMP,RUNNING,10.579,30.225,3.317,124.346
2026-01-05T17:30:00,LILLE,LIL-PM-01,PUMP,RUNNING,11.358,33.202,3.303,120.371
2026-01-05T17:45:00,LILLE,LIL-PM-01,PUMP,RUNNING,12.126,31.836,3.588,126.114
2026-01-05T18:00:00,LILLE,LIL-PM-01,PUMP,IDLE,3.898,28.839,1.476,25.75
2026-01-05T18:15:00,LILLE,LIL-PM-01,PUMP,RUNNING,10.719,31.387,3.514,111.013
2026-01-05T18:30:00,LILLE,LIL-PM-01,PUMP,IDLE,3.975,29.805,1.452,24.958
2026-01-05T18:45:00,LILLE,LIL-PM-01,PUMP,RUNNING,10.492,31.262,3.399,113.45
2026-01-05T19:00:00,LILLE,LIL-PM-01,PUMP,IDLE,3.697,30.473,1.416,24.441
2026-01-05T19:15:00,LILLE,LIL-PM-01,PUMP,RUNNING,12.8,30.125,3.293,121.164
2026-01-05T19:30:00,LILLE,LIL-PM-01,PUMP,RUNNING,9.307,30.584,3.5,110.153
2026-01-05T19:45:00,LILLE,LIL-PM-01,PUMP,RUNNING,11.0,32.332,3.522,114.575
2026-01-05T20:00:00,LILLE,LIL-PM-01,PUMP,RUNNING,11.73,29.504,3.35,129.937
2026-01-05T20:15:00,LILLE,LIL-PM-01,PUMP,RUNNING,11.309,30.706,3.096,125.557
2026-01-05T20:30:00,LILLE,LIL-PM-01,PUMP,RUNNING,10.416,31.261,3.444,120.331
2026-01-05T20:45:00,LILLE,LIL-PM-01,PUMP,IDLE,3.917,31.797,1.52,24.203
2026-01-05T21:00:00,LILLE,LIL-PM-01,PUMP,MAINTENANCE,1.034,25.043,0.347,2.242
2026-01-05T21:15:00,LILLE,LIL-PM-01,PUMP,RUNNING,11.489,29.741,3.537,127.184
2026-01-05T21:30:00,LILLE,LIL-PM-01,PUMP,RUNNING,11.268,31.012,3.39,131.381
2026-01-05T21:45:00,LILLE,LIL-PM-01,PUMP,IDLE,3.81,27.945,1.569,24.636
2026-01-05T22:00:00,LILLE,LIL-PM-01,PUMP,RUNNING,11.658,31.287,3.441,113.619
2026-01-05T22:15:00,LILLE,LIL-PM-01,PUMP,RUNNING,11.736,30.296,3.563,120.744
2026-01-05T22:30:00,LILLE,LIL-PM-01,PUMP,RUNNING,11.433,31.773,3.324,117.06
2026-01-05T22:45:00,LILLE,LIL-PM-01,PUMP,RUNNING,10.857,30.662,3.45,119.644
2026-01-05T23:00:00,LILLE,LIL-PM-01,PUMP,IDLE,3.162,28.881,1.473,23.602
2026-01-05T23:15:00,LILLE,LIL-PM-01,PUMP,IDLE,3.422,27.155,1.53,24.217
2026-01-05T23:30:00,LILLE,LIL-PM-01,PUMP,STOPPED,0.698,27.049,0.281,2.028
2026-01-05T23:45:00,LILLE,LIL-PM-01,PUMP,IDLE,3.816,29.228,1.422,23.373
2026-01-05T00:00:00,LILLE,LIL-CH-01,CHILLER,RUNNING,18.22,7.67,2.747,144.684
2026-01-05T00:15:00,LILLE,LIL-CH-01,CHILLER,STOPPED,1.759,3.2,0.24,3.166
2026-01-05T00:30:00,LILLE,LIL-CH-01,CHILLER,RUNNING,18.099,8.083,2.923,151.208
2026-01-05T00:45:00,LILLE,LIL-CH-01,CHILLER,MAINTENANCE,1.293,2.939,0.281,2.905
2026-01-05T01:00:00,LILLE,LIL-CH-01,CHILLER,RUNNING,18.417,7.41,2.772,158.478
2026-01-05T01:15:00,LILLE,LIL-CH-01,CHILLER,RUNNING,19.369,7.683,2.887,150.29
2026-01-05T01:30:00,LILLE,LIL-CH-01,CHILLER,MAINTENANCE,1.205,3.008,0.334,2.934
2026-01-05T01:45:00,LILLE,LIL-CH-01,CHILLER,STOPPED,1.428,2.88,0.206,2.765
2026-01-05T02:00:00,LILLE,LIL-CH-01,CHILLER,IDLE,6.233,6.11,1.237,29.876
2026-01-05T02:15:00,LILLE,LIL-CH-01,CHILLER,IDLE,5.783,6.206,1.251,31.366
2026-01-05T02:30:00,LILLE,LIL-CH-01,CHILLER,STOPPED,1.014,3.851,0.259,3.929
2026-01-05T02:45:00,LILLE,LIL-CH-01,CHILLER,MAINTENANCE,1.694,3.194,0.221,3.508
2026-01-05T03:00:00,LILLE,LIL-CH-01,CHILLER,IDLE,6.501,5.951,1.191,29.309
2026-01-05T03:15:00,LILLE,LIL-CH-01,CHILLER,RUNNING,19.71,8.214,2.727,160.669
2026-01-05T03:30:00,LILLE,LIL-CH-01,CHILLER,IDLE,5.85,5.723,1.306,30.527
2026-01-05T03:45:00,LILLE,LIL-CH-01,CHILLER,STOPPED,1.22,2.835,0.222,3.36
2026-01-05T04:00:00,LILLE,LIL-CH-01,CHILLER,RUNNING,19.333,8.32,2.689,155.046
2026-01-05T04:15:00,LILLE,LIL-CH-01,CHILLER,IDLE,6.278,6.232,1.101,32.721
2026-01-05T04:30:00,LILLE,LIL-CH-01,CHILLER,RUNNING,19.087,7.825,2.957,165.567
2026-01-05T04:45:00,LILLE,LIL-CH-01,CHILLER,IDLE,6.63,5.806,1.325,32.229
2026-01-05T05:00:00,LILLE,LIL-CH-01,CHILLER,STOPPED,1.362,3.251,0.337,3.249
2026-01-05T05:15:00,LILLE,LIL-CH-01,CHILLER,STOPPED,1.628,2.62,0.344,2.912
2026-01-05T05:30:00,LILLE,LIL-CH-01,CHILLER,STOPPED,1.338,2.992,0.288,3.256
2026-01-05T05:45:00,LILLE,LIL-CH-01,CHILLER,STOPPED,1.691,3.063,0.219,3.497
2026-01-05T06:00:00,LILLE,LIL-CH-01,CHILLER,IDLE,6.178,5.918,1.187,36.706
2026-01-05T06:15:00,LILLE,LIL-CH-01,CHILLER,IDLE,5.661,5.917,1.269,30.457
2026-01-05T06:30:00,LILLE,LIL-CH-01,CHILLER,MAINTENANCE,1.303,2.744,0.26,2.85
2026-01-05T06:45:00,LILLE,LIL-CH-01,CHILLER,STOPPED,1.494,2.579,0.334,3.811
2026-01-05T07:00:00,LILLE,LIL-CH-01,CHILLER,RUNNING,18.309,7.946,2.846,158.142
2026-01-05T07:15:00,LILLE,LIL-CH-01,CHILLER,RUNNING,17.252,8.423,2.649,170.179
2026-01-05T07:30:00,LILLE,LIL-CH-01,CHILLER,IDLE,6.463,5.812,1.218,29.529
2026-01-05T07:45:00,LILLE,LIL-CH-01,CHILLER,RUNNING,17.565,8.35,2.732,154.924
2026-01-05T08:00:00,LILLE,LIL-CH-01,CHILLER,IDLE,6.614,6.363,1.247,28.923
2026-01-05T08:15:00,LILLE,LIL-CH-01,CHILLER,IDLE,5.65,5.782,1.275,31.084
2026-01-05T08:30:00,LILLE,LIL-CH-01,CHILLER,RUNNING,16.611,7.798,2.812,147.0
2026-01-05T08:45:00,LILLE,LIL-CH-01,CHILLER,RUNNING,16.483,8.005,2.731,173.817
2026-01-05T09:00:00,LILLE,LIL-CH-01,CHILLER,RUNNING,18.553,7.571,2.787,157.884
2026-01-05T09:15:00,LILLE,LIL-CH-01,CHILLER,RUNNING,16.846,29.5,2.844,165.148
2026-01-05T09:30:00,LILLE,LIL-CH-01,CHILLER,RUNNING,17.653,7.521,2.995,138.813
2026-01-05T09:45:00,LILLE,LIL-CH-01,CHILLER,RUNNING,17.047,8.28,2.747,162.881
2026-01-05T10:00:00,LILLE,LIL-CH-01,CHILLER,RUNNING,18.006,8.135,2.772,162.389
2026-01-05T10:15:00,LILLE,LIL-CH-01,CHILLER,RUNNING,18.024,8.601,2.854,160.821
2026-01-05T10:30:00,LILLE,LIL-CH-01,CHILLER,RUNNING,17.296,8.47,2.665,155.102
2026-01-05T10:45:00,LILLE,LIL-CH-01,CHILLER,RUNNING,17.916,8.061,2.925,151.897
2026-01-05T11:00:00,LILLE,LIL-CH-01,CHILLER,STOPPED,1.481,3.273,0.336,3.209
2026-01-05T11:15:00,LILLE,LIL-CH-01,CHILLER,IDLE,6.059,5.721,1.165,30.314
2026-01-05T11:30:00,LILLE,LIL-CH-01,CHILLER,RUNNING,19.288,7.674,2.809,147.63
2026-01-05T11:45:00,LILLE,LIL-CH-01,CHILLER,RUNNING,17.358,7.916,2.759,154.006
2026-01-05T12:00:00,LILLE,LIL-CH-01,CHILLER,RUNNING,18.079,7.758,2.969,154.198
2026-01-05T12:15:00,LILLE,LIL-CH-01,CHILLER,RUNNING,19.068,7.953,2.828,148.226
2026-01-05T12:30:00,LILLE,LIL-CH-01,CHILLER,IDLE,6.308,5.8,1.201,30.895
2026-01-05T12:45:00,LILLE,LIL-CH-01,CHILLER,RUNNING,18.633,8.205,2.678,156.406
2026-01-05T13:00:00,LILLE,LIL-CH-01,CHILLER,RUNNING,17.042,7.974,2.749,151.99
2026-01-05T13:15:00,LILLE,LIL-CH-01,CHILLER,STOPPED,1.429,2.748,0.232,3.582
2026-01-05T13:30:00,LILLE,LIL-CH-01,CHILLER,RUNNING,17.766,7.755,2.843,148.196
2026-01-05T13:45:00,LILLE,LIL-CH-01,CHILLER,RUNNING,19.418,7.95,2.852,143.075
2026-01-05T14:00:00,LILLE,LIL-CH-01,CHILLER,RUNNING,19.208,8.057,2.992,152.217
2026-01-05T14:15:00,LILLE,LIL-CH-01,CHILLER,RUNNING,16.475,7.775,2.741,152.626
2026-01-05T14:30:00,LILLE,LIL-CH-01,CHILLER,RUNNING,16.487,7.607,2.901,164.377
2026-01-05T14:45:00,LILLE,LIL-CH-01,CHILLER,RUNNING,18.494,7.954,2.896,155.798
2026-01-05T15:00:00,LILLE,LIL-CH-01,CHILLER,RUNNING,17.595,7.713,2.839,137.773
2026-01-05T15:15:00,LILLE,LIL-CH-01,CHILLER,IDLE,6.288,5.893,1.282,31.806
2026-01-05T15:30:00,LILLE,LIL-CH-01,CHILLER,RUNNING,17.309,7.688,2.773,159.401
2026-01-05T15:45:00,LILLE,LIL-CH-01,CHILLER,IDLE,6.106,6.235,1.271,28.547
2026-01-05T16:00:00,LILLE,LIL-CH-01,CHILLER,RUNNING,17.483,7.614,2.83,160.452
2026-01-05T16:15:00,LILLE,LIL-CH-01,CHILLER,RUNNING,18.456,8.796,2.773,161.117
2026-01-05T16:30:00,LILLE,LIL-CH-01,CHILLER,RUNNING,17.737,7.748,2.648,169.686
2026-01-05T16:45:00,LILLE,LIL-CH-01,CHILLER,IDLE,6.272,6.151,1.238,29.643
2026-01-05T17:00:00,LILLE,LIL-CH-01,CHILLER,STOPPED,1.647,2.322,0.294,2.866
2026-01-05T17:15:00,LILLE,LIL-CH-01,CHILLER,RUNNING,17.777,7.73,2.719,157.113
2026-01-05T17:30:00,LILLE,LIL-CH-01,CHILLER,RUNNING,18.398,8.356,2.958,150.113
2026-01-05T17:45:00,LILLE,LIL-CH-01,CHILLER,RUNNING,16.927,7.735,2.808,166.525
2026-01-05T18:00:00,LILLE,LIL-CH-01,CHILLER,RUNNING,17.77,7.925,2.648,161.384
2026-01-05T18:15:00,LILLE,LIL-CH-01,CHILLER,RUNNING,18.014,7.97,2.555,149.453
2026-01-05T18:30:00,LILLE,LIL-CH-01,CHILLER,RUNNING,20.035,7.756,2.726,155.73
2026-01-05T18:45:00,LILLE,LIL-CH-01,CHILLER,STOPPED,1.315,3.39,0.298,3.029
2026-01-05T19:00:00,LILLE,LIL-CH-01,CHILLER,IDLE,5.709,5.895,1.363,29.672
2026-01-05T19:15:00,LILLE,LIL-CH-01,CHILLER,RUNNING,18.496,7.874,3.136,142.156
2026-01-05T19:30:00,LILLE,LIL-CH-01,CHILLER,RUNNING,15.464,8.02,3.048,150.831
2026-01-05T19:45:00,LILLE,LIL-CH-01,CHILLER,STOPPED,1.699,3.023,0.391,3.635
2026-01-05T20:00:00,LILLE,LIL-CH-01,CHILLER,RUNNING,19.349,7.974,2.536,155.7
2026-01-05T20:15:00,LILLE,LIL-CH-01,CHILLER,STOPPED,1.312,3.039,0.303,3.216
2026-01-05T20:30:00,LILLE,LIL-CH-01,CHILLER,IDLE,6.289,6.192,1.253,28.268
2026-01-05T20:45:00,LILLE,LIL-CH-01,CHILLER,IDLE,6.311,5.814,1.326,28.403
2026-01-05T21:00:00,LILLE,LIL-CH-01,CHILLER,STOPPED,1.355,2.988,0.264,2.932
2026-01-05T21:15:00,LILLE,LIL-CH-01,CHILLER,RUNNING,17.636,8.203,2.794,160.667
2026-01-05T21:30:00,LILLE,LIL-CH-01,CHILLER,STOPPED,1.603,2.928,0.279,3.055
2026-01-05T21:45:00,LILLE,LIL-CH-01,CHILLER,IDLE,6.252,5.899,1.292,31.898
2026-01-05T22:00:00,LILLE,LIL-CH-01,CHILLER,RUNNING,15.707,7.99,2.772,148.594
2026-01-05T22:15:00,LILLE,LIL-CH-01,CHILLER,RUNNING,18.781,7.874,2.741,151.405
2026-01-05T22:30:00,LILLE,LIL-CH-01,CHILLER,RUNNING,19.024,8.409,2.709,150.045
2026-01-05T22:45:00,LILLE,LIL-CH-01,CHILLER,IDLE,5.838,6.068,1.242,30.067
2026-01-05T23:00:00,LILLE,LIL-CH-01,CHILLER,RUNNING,18.065,7.391,2.906,159.149
2026-01-05T23:15:00,LILLE,LIL-CH-01,CHILLER,IDLE,6.73,6.182,1.319,31.739
2026-01-05T23:30:00,LILLE,LIL-CH-01,CHILLER,IDLE,6.107,5.925,1.231,32.657
2026-01-05T23:45:00,LILLE,LIL-CH-01,CHILLER,RUNNING,18.395,8.381,2.913,160.009
2026-01-05T00:00:00,ARRAS,ARR-PM-01,PUMP,STOPPED,0.65,26.27,0.323,2.428
2026-01-05T00:15:00,ARRAS,ARR-PM-01,PUMP,IDLE,3.98,27.694,1.441,25.344
2026-01-05T00:30:00,ARRAS,ARR-PM-01,PUMP,IDLE,3.788,28.875,1.518,24.361
2026-01-05T00:45:00,ARRAS,ARR-PM-01,PUMP,MAINTENANCE,0.949,25.882,0.352,2.369
2026-01-05T01:00:00,ARRAS,ARR-PM-01,PUMP,RUNNING,11.134,29.427,3.594,118.827
2026-01-05T01:15:00,ARRAS,ARR-PM-01,PUMP,RUNNING,11.647,30.959,3.602,110.451
2026-01-05T01:30:00,ARRAS,ARR-PM-01,PUMP,RUNNING,10.601,29.751,3.208,117.865
2026-01-05T01:45:00,ARRAS,ARR-PM-01,PUMP,RUNNING,11.356,32.04,3.184,118.255
2026-01-05T02:00:00,ARRAS,ARR-PM-01,PUMP,RUNNING,11.142,31.004,3.339,128.566
2026-01-05T02:15:00,ARRAS,ARR-PM-01,PUMP,IDLE,3.428,28.677,1.531,25.106
2026-01-05T02:30:00,ARRAS,ARR-PM-01,PUMP,RUNNING,11.98,30.427,3.588,127.114
2026-01-05T02:45:00,ARRAS,ARR-PM-01,PUMP,RUNNING,11.138,29.08,3.492,120.4
2026-01-05T03:00:00,ARRAS,ARR-PM-01,PUMP,RUNNING,11.871,31.263,3.388,118.186
2026-01-05T03:15:00,ARRAS,ARR-PM-01,PUMP,IDLE,3.712,29.366,1.555,26.345
2026-01-05T03:30:00,ARRAS,ARR-PM-01,PUMP,RUNNING,10.455,30.981,3.489,111.089
2026-01-05T03:45:00,ARRAS,ARR-PM-01,PUMP,RUNNING,10.195,30.198,3.35,124.592
2026-01-05T04:00:00,ARRAS,ARR-PM-01,PUMP,RUNNING,10.751,30.445,3.385,122.022
2026-01-05T04:15:00,ARRAS,ARR-PM-01,PUMP,MAINTENANCE,1.201,24.822,0.303,2.175
2026-01-05T04:30:00,ARRAS,ARR-PM-01,PUMP,IDLE,4.392,28.641,1.479,22.145
2026-01-05T04:45:00,ARRAS,ARR-PM-01,PUMP,RUNNING,10.675,31.265,3.237,127.044
2026-01-05T05:00:00,ARRAS,ARR-PM-01,PUMP,IDLE,3.964,28.403,1.501,21.904
2026-01-05T05:15:00,ARRAS,ARR-PM-01,PUMP,MAINTENANCE,0.396,25.219,0.315,2.343
2026-01-05T05:30:00,ARRAS,ARR-PM-01,PUMP,RUNNING,11.275,32.284,3.633,114.541
2026-01-05T05:45:00,ARRAS,ARR-PM-01,PUMP,RUNNING,10.932,30.403,3.376,128.919
2026-01-05T06:00:00,ARRAS,ARR-PM-01,PUMP,IDLE,3.955,28.599,1.537,22.079
2026-01-05T06:15:00,ARRAS,ARR-PM-01,PUMP,IDLE,3.388,29.227,1.454,26.611
2026-01-05T06:30:00,ARRAS,ARR-PM-01,PUMP,RUNNING,12.559,30.085,3.797,135.884
2026-01-05T06:45:00,ARRAS,ARR-PM-01,PUMP,IDLE,3.865,30.184,1.568,26.557
2026-01-05T07:00:00,ARRAS,ARR-PM-01,PUMP,RUNNING,11.103,30.101,3.275,118.812
2026-01-05T07:15:00,ARRAS,ARR-PM-01,PUMP,RUNNING,10.228,30.912,3.712,129.83
2026-01-05T07:30:00,ARRAS,ARR-PM-01,PUMP,RUNNING,11.782,29.257,3.303,124.503
2026-01-05T07:45:00,ARRAS,ARR-PM-01,PUMP,RUNNING,11.067,31.514,3.379,133.987
2026-01-05T08:00:00,ARRAS,ARR-PM-01,PUMP,RUNNING,10.67,31.265,3.336,125.142
2026-01-05T08:15:00,ARRAS,ARR-PM-01,PUMP,IDLE,3.513,29.006,1.511,23.151
2026-01-05T08:30:00,ARRAS,ARR-PM-01,PUMP,IDLE,4.174,28.74,1.493,24.043
2026-01-05T08:45:00,ARRAS,ARR-PM-01,PUMP,IDLE,4.029,30.214,1.394,24.196
2026-01-05T09:00:00,ARRAS,ARR-PM-01,PUMP,RUNNING,10.856,30.748,3.657,122.451
2026-01-05T09:15:00,ARRAS,ARR-PM-01,PUMP,IDLE,3.657,27.712,1.43,25.207
2026-01-05T09:30:00,ARRAS,ARR-PM-01,PUMP,RUNNING,10.976,30.878,3.269,119.791
2026-01-05T09:45:00,ARRAS,ARR-PM-01,PUMP,RUNNING,10.544,29.885,3.244,120.731
2026-01-05T10:00:00,ARRAS,ARR-PM-01,PUMP,RUNNING,10.903,30.954,3.293,119.116
2026-01-05T10:15:00,ARRAS,ARR-PM-01,PUMP,STOPPED,1.244,26.154,0.298,1.917
2026-01-05T10:30:00,ARRAS,ARR-PM-01,PUMP,IDLE,3.931,29.244,1.554,24.631
2026-01-05T10:45:00,ARRAS,ARR-PM-01,PUMP,RUNNING,11.207,30.327,3.295,123.499
2026-01-05T11:00:00,ARRAS,ARR-PM-01,PUMP,RUNNING,9.157,29.876,3.431,129.003
2026-01-05T11:15:00,ARRAS,ARR-PM-01,PUMP,IDLE,3.59,27.585,1.532,23.469
2026-01-05T11:30:00,ARRAS,ARR-PM-01,PUMP,RUNNING,10.788,30.897,3.483,120.218
2026-01-05T11:45:00,ARRAS,ARR-PM-01,PUMP,RUNNING,9.942,31.657,3.154,115.234
2026-01-05T12:00:00,ARRAS,ARR-PM-01,PUMP,RUNNING,10.808,30.952,3.466,131.724
2026-01-05T12:15:00,ARRAS,ARR-PM-01,PUMP,IDLE,3.78,29.041,1.655,25.232
2026-01-05T12:30:00,ARRAS,ARR-PM-01,PUMP,IDLE,3.795,28.913,1.578,23.549
2026-01-05T12:45:00,ARRAS,ARR-PM-01,PUMP,STOPPED,0.595,25.322,0.328,2.106
2026-01-05T13:00:00,ARRAS,ARR-PM-01,PUMP,RUNNING,11.256,31.588,3.468,114.866
2026-01-05T13:15:00,ARRAS,ARR-PM-01,PUMP,IDLE,3.66,30.272,1.647,26.762
2026-01-05T13:30:00,ARRAS,ARR-PM-01,PUMP,RUNNING,9.214,30.987,3.538,122.129
2026-01-05T13:45:00,ARRAS,ARR-PM-01,PUMP,IDLE,3.637,30.255,1.589,23.662
2026-01-05T14:00:00,ARRAS,ARR-PM-01,PUMP,RUNNING,11.518,31.138,3.558,119.675
2026-01-05T14:15:00,ARRAS,ARR-PM-01,PUMP,RUNNING,11.654,30.643,3.315,112.025
2026-01-05T14:30:00,ARRAS,ARR-PM-01,PUMP,RUNNING,10.132,29.872,3.387,117.584
2026-01-05T14:45:00,ARRAS,ARR-PM-01,PUMP,RUNNING,10.777,29.72,3.392,114.775
2026-01-05T15:00:00,ARRAS,ARR-PM-01,PUMP,RUNNING,11.566,31.026,3.331,123.667
2026-01-05T15:15:00,ARRAS,ARR-PM-01,PUMP,RUNNING,11.276,31.938,3.269,117.928
2026-01-05T15:30:00,ARRAS,ARR-PM-01,PUMP,RUNNING,10.823,31.327,3.302,116.93
2026-01-05T15:45:00,ARRAS,ARR-PM-01,PUMP,RUNNING,10.83,31.89,3.652,126.55
2026-01-05T16:00:00,ARRAS,ARR-PM-01,PUMP,IDLE,4.148,28.845,1.559,25.028
2026-01-05T16:15:00,ARRAS,ARR-PM-01,PUMP,RUNNING,10.757,32.029,3.534,122.481
2026-01-05T16:30:00,ARRAS,ARR-PM-01,PUMP,RUNNING,10.737,31.037,3.399,124.515
2026-01-05T16:45:00,ARRAS,ARR-PM-01,PUMP,RUNNING,10.638,30.659,3.491,123.185
2026-01-05T17:00:00,ARRAS,ARR-PM-01,PUMP,IDLE,3.691,30.053,1.548,22.988
2026-01-05T17:30:00,ARRAS,ARR-PM-01,PUMP,RUNNING,11.418,30.797,3.262,134.264
2026-01-05T17:45:00,ARRAS,ARR-PM-01,PUMP,STOPPED,0.801,27.161,0.275,2.422
2026-01-05T18:00:00,ARRAS,ARR-PM-01,PUMP,RUNNING,10.135,32.203,3.348,121.838
2026-01-05T18:15:00,ARRAS,ARR-PM-01,PUMP,RUNNING,10.306,30.36,3.328,113.104
2026-01-05T18:30:00,ARRAS,ARR-PM-01,PUMP,STOPPED,0.575,26.292,0.302,2.494
2026-01-05T18:45:00,ARRAS,ARR-PM-01,PUMP,RUNNING,11.494,29.496,3.265,123.814
2026-01-05T19:00:00,ARRAS,ARR-PM-01,PUMP,IDLE,3.867,30.274,1.507,21.933
2026-01-05T19:15:00,ARRAS,ARR-PM-01,PUMP,RUNNING,11.753,30.938,3.269,124.163
2026-01-05T19:30:00,ARRAS,ARR-PM-01,PUMP,MAINTENANCE,0.79,25.088,0.352,2.126
2026-01-05T19:45:00,ARRAS,ARR-PM-01,PUMP,STOPPED,0.602,25.744,0.414,2.661
2026-01-05T20:00:00,ARRAS,ARR-PM-01,PUMP,IDLE,3.646,29.992,1.699,24.945
2026-01-05T20:15:00,ARRAS,ARR-PM-01,PUMP,IDLE,3.538,29.858,1.593,23.728
2026-01-05T20:30:00,ARRAS,ARR-PM-01,PUMP,RUNNING,10.957,32.11,3.222,119.068
2026-01-05T20:45:00,ARRAS,ARR-PM-01,PUMP,IDLE,3.633,29.29,1.541,22.416
2026-01-05T21:00:00,ARRAS,ARR-PM-01,PUMP,IDLE,3.821,29.16,1.58,24.76
2026-01-05T21:15:00,ARRAS,ARR-PM-01,PUMP,MAINTENANCE,1.234,27.235,0.367,2.602
2026-01-05T21:30:00,ARRAS,ARR-PM-01,PUMP,IDLE,3.921,29.963,1.465,24.192
2026-01-05T21:45:00,ARRAS,ARR-PM-01,PUMP,IDLE,3.768,29.667,1.541,23.449
2026-01-05T22:00:00,ARRAS,ARR-PM-01,PUMP,STOPPED,0.7,25.06,0.414,3.14
2026-01-05T22:15:00,ARRAS,ARR-PM-01,PUMP,RUNNING,11.178,31.489,3.081,114.442
2026-01-05T22:30:00,ARRAS,ARR-PM-01,PUMP,RUNNING,10.651,31.334,3.308,115.07
2026-01-05T22:45:00,ARRAS,ARR-PM-01,PUMP,RUNNING,10.67,30.595,3.287,116.74
2026-01-05T23:00:00,ARRAS,ARR-PM-01,PUMP,IDLE,3.956,30.398,1.538,23.598
2026-01-05T23:15:00,ARRAS,ARR-PM-01,PUMP,RUNNING,11.295,30.569,3.331,125.894
2026-01-05T23:30:00,ARRAS,ARR-PM-01,PUMP,RUNNING,11.526,30.134,3.282,113.796
2026-01-05T23:45:00,ARRAS,ARR-PM-01,PUMP,IDLE,3.668,28.582,1.578,22.627
2026-01-05T00:00:00,ARRAS,ARR-PK-01,PACKAGING_LINE,STOPPED,1.154,22.442,0.164,1.517
2026-01-05T00:15:00,ARRAS,ARR-PK-01,PACKAGING_LINE,RUNNING,15.567,28.484,1.845,85.615
2026-01-05T00:30:00,ARRAS,ARR-PK-01,PACKAGING_LINE,IDLE,5.101,26.209,0.786,16.342
2026-01-05T00:45:00,ARRAS,ARR-PK-01,PACKAGING_LINE,IDLE,5.092,24.947,0.874,15.999
2026-01-05T01:00:00,ARRAS,ARR-PK-01,PACKAGING_LINE,IDLE,5.424,26.523,0.794,16.08
2026-01-05T01:15:00,ARRAS,ARR-PK-01,PACKAGING_LINE,RUNNING,15.487,28.027,1.874,70.547
2026-01-05T01:30:00,ARRAS,ARR-PK-01,PACKAGING_LINE,IDLE,4.772,26.037,0.727,16.774
2026-01-05T01:45:00,ARRAS,ARR-PK-01,PACKAGING_LINE,IDLE,5.318,26.097,0.813,15.337
2026-01-05T02:00:00,ARRAS,ARR-PK-01,PACKAGING_LINE,RUNNING,14.469,27.881,1.686,81.746
2026-01-05T02:15:00,ARRAS,ARR-PK-01,PACKAGING_LINE,STOPPED,1.107,22.896,0.245,1.941
2026-01-05T02:30:00,ARRAS,ARR-PK-01,PACKAGING_LINE,STOPPED,0.951,23.953,0.257,1.724
2026-01-05T02:45:00,ARRAS,ARR-PK-01,PACKAGING_LINE,IDLE,5.396,25.977,0.85,14.831
2026-01-05T03:00:00,ARRAS,ARR-PK-01,PACKAGING_LINE,RUNNING,15.984,27.996,1.723,86.0
2026-01-05T03:15:00,ARRAS,ARR-PK-01,PACKAGING_LINE,RUNNING,16.555,27.945,1.811,87.274
2026-01-05T03:30:00,ARRAS,ARR-PK-01,PACKAGING_LINE,IDLE,4.957,26.991,0.79,15.643
2026-01-05T03:45:00,ARRAS,ARR-PK-01,PACKAGING_LINE,RUNNING,15.165,28.551,1.862,81.355
2026-01-05T04:00:00,ARRAS,ARR-PK-01,PACKAGING_LINE,RUNNING,14.228,27.821,1.783,76.831
2026-01-05T04:15:00,ARRAS,ARR-PK-01,PACKAGING_LINE,RUNNING,16.644,26.098,1.786,78.384
2026-01-05T04:30:00,ARRAS,ARR-PK-01,PACKAGING_LINE,MAINTENANCE,1.3,21.493,0.28,1.572
2026-01-05T04:45:00,ARRAS,ARR-PK-01,PACKAGING_LINE,RUNNING,15.455,27.525,1.768,72.709
2026-01-05T05:00:00,ARRAS,ARR-PK-01,PACKAGING_LINE,STOPPED,1.096,22.284,0.145,1.489
2026-01-05T05:15:00,ARRAS,ARR-PK-01,PACKAGING_LINE,RUNNING,13.782,28.354,1.823,78.791
2026-01-05T05:30:00,ARRAS,ARR-PK-01,PACKAGING_LINE,IDLE,5.12,27.802,0.727,17.436
2026-01-05T05:45:00,ARRAS,ARR-PK-01,PACKAGING_LINE,RUNNING,16.552,28.023,1.787,73.557
2026-01-05T06:00:00,ARRAS,ARR-PK-01,PACKAGING_LINE,IDLE,5.098,25.37,0.867,16.383
2026-01-05T06:15:00,ARRAS,ARR-PK-01,PACKAGING_LINE,RUNNING,14.439,28.248,1.784,87.459
2026-01-05T06:30:00,ARRAS,ARR-PK-01,PACKAGING_LINE,RUNNING,13.974,27.489,1.734,80.338
2026-01-05T06:45:00,ARRAS,ARR-PK-01,PACKAGING_LINE,IDLE,5.388,26.107,0.822,15.133
2026-01-05T07:00:00,ARRAS,ARR-PK-01,PACKAGING_LINE,RUNNING,15.608,27.293,1.981,80.043
2026-01-05T07:15:00,ARRAS,ARR-PK-01,PACKAGING_LINE,RUNNING,14.82,27.586,1.775,78.096
2026-01-05T07:30:00,ARRAS,ARR-PK-01,PACKAGING_LINE,IDLE,5.181,27.124,0.81,16.771
2026-01-05T07:45:00,ARRAS,ARR-PK-01,PACKAGING_LINE,IDLE,5.41,26.676,0.784,17.166
2026-01-05T08:00:00,ARRAS,ARR-PK-01,PACKAGING_LINE,RUNNING,14.215,26.914,1.882,80.031
2026-01-05T08:15:00,ARRAS,ARR-PK-01,PACKAGING_LINE,RUNNING,15.202,29.254,1.911,80.36
2026-01-05T08:30:00,ARRAS,ARR-PK-01,PACKAGING_LINE,IDLE,5.579,25.939,0.823,16.226
2026-01-05T08:45:00,ARRAS,ARR-PK-01,PACKAGING_LINE,RUNNING,14.95,27.612,1.742,87.608
2026-01-05T09:00:00,ARRAS,ARR-PK-01,PACKAGING_LINE,RUNNING,15.221,26.61,1.952,89.346
2026-01-05T09:15:00,ARRAS,ARR-PK-01,PACKAGING_LINE,RUNNING,14.885,27.979,1.754,76.514
2026-01-05T09:30:00,ARRAS,ARR-PK-01,PACKAGING_LINE,RUNNING,14.642,27.653,1.707,83.209
2026-01-05T09:45:00,ARRAS,ARR-PK-01,PACKAGING_LINE,IDLE,5.374,26.186,0.811,14.932
2026-01-05T10:00:00,ARRAS,ARR-PK-01,PACKAGING_LINE,RUNNING,15.761,27.833,1.837,82.48
2026-01-05T10:15:00,ARRAS,ARR-PK-01,PACKAGING_LINE,RUNNING,13.85,27.626,1.702,75.651
2026-01-05T10:30:00,ARRAS,ARR-PK-01,PACKAGING_LINE,RUNNING,15.761,26.994,1.772,84.579
2026-01-05T10:45:00,ARRAS,ARR-PK-01,PACKAGING_LINE,RUNNING,14.99,27.297,1.945,82.873
2026-01-05T11:00:00,ARRAS,ARR-PK-01,PACKAGING_LINE,STOPPED,1.102,23.011,0.113,1.601
2026-01-05T11:15:00,ARRAS,ARR-PK-01,PACKAGING_LINE,RUNNING,17.624,27.655,1.835,79.142
2026-01-05T11:30:00,ARRAS,ARR-PK-01,PACKAGING_LINE,IDLE,4.977,25.69,0.775,14.762
2026-01-05T11:45:00,ARRAS,ARR-PK-01,PACKAGING_LINE,STOPPED,1.205,22.874,0.216,1.696
2026-01-05T12:00:00,ARRAS,ARR-PK-01,PACKAGING_LINE,RUNNING,16.475,28.55,1.699,79.766
2026-01-05T12:15:00,ARRAS,ARR-PK-01,PACKAGING_LINE,RUNNING,13.793,28.662,1.878,82.456
2026-01-05T12:30:00,ARRAS,ARR-PK-01,PACKAGING_LINE,RUNNING,14.867,28.713,1.752,79.809
2026-01-05T12:45:00,ARRAS,ARR-PK-01,PACKAGING_LINE,IDLE,4.945,25.824,0.747,14.866
2026-01-05T13:00:00,ARRAS,ARR-PK-01,PACKAGING_LINE,RUNNING,11.5,28.525,1.782,72.318
2026-01-05T13:15:00,ARRAS,ARR-PK-01,PACKAGING_LINE,RUNNING,29.8,28.462,1.706,81.583
2026-01-05T13:30:00,ARRAS,ARR-PK-01,PACKAGING_LINE,RUNNING,14.923,26.622,1.883,84.28
2026-01-05T13:45:00,ARRAS,ARR-PK-01,PACKAGING_LINE,RUNNING,16.147,29.78,1.675,78.993
2026-01-05T14:00:00,ARRAS,ARR-PK-01,PACKAGING_LINE,RUNNING,15.234,28.379,1.811,76.895
2026-01-05T14:15:00,ARRAS,ARR-PK-01,PACKAGING_LINE,IDLE,5.26,25.811,0.824,15.403
2026-01-05T14:30:00,ARRAS,ARR-PK-01,PACKAGING_LINE,RUNNING,14.723,26.929,1.87,82.052
2026-01-05T14:45:00,ARRAS,ARR-PK-01,PACKAGING_LINE,RUNNING,13.836,28.003,1.763,82.268
2026-01-05T15:00:00,ARRAS,ARR-PK-01,PACKAGING_LINE,RUNNING,13.711,27.397,1.812,84.726
2026-01-05T15:15:00,ARRAS,ARR-PK-01,PACKAGING_LINE,RUNNING,15.439,27.523,1.73,80.694
2026-01-05T15:30:00,ARRAS,ARR-PK-01,PACKAGING_LINE,RUNNING,16.613,27.305,1.649,77.111
2026-01-05T15:45:00,ARRAS,ARR-PK-01,PACKAGING_LINE,RUNNING,14.306,28.359,1.701,83.207
2026-01-05T16:00:00,ARRAS,ARR-PK-01,PACKAGING_LINE,RUNNING,15.767,28.381,1.645,79.889
2026-01-05T16:15:00,ARRAS,ARR-PK-01,PACKAGING_LINE,RUNNING,15.851,25.765,1.826,79.57
2026-01-05T16:30:00,ARRAS,ARR-PK-01,PACKAGING_LINE,RUNNING,14.65,29.588,1.757,84.49
2026-01-05T16:45:00,ARRAS,ARR-PK-01,PACKAGING_LINE,RUNNING,15.354,29.03,1.767,85.268
2026-01-05T17:00:00,ARRAS,ARR-PK-01,PACKAGING_LINE,RUNNING,14.12,27.466,1.807,77.389
2026-01-05T17:15:00,ARRAS,ARR-PK-01,PACKAGING_LINE,IDLE,5.266,25.416,0.861,16.033
2026-01-05T17:30:00,ARRAS,ARR-PK-01,PACKAGING_LINE,RUNNING,14.02,29.321,1.927,73.15
2026-01-05T17:45:00,ARRAS,ARR-PK-01,PACKAGING_LINE,RUNNING,14.037,26.636,1.795,78.145
2026-01-05T18:00:00,ARRAS,ARR-PK-01,PACKAGING_LINE,RUNNING,15.078,28.975,2.028,85.005
2026-01-05T18:15:00,ARRAS,ARR-PK-01,PACKAGING_LINE,RUNNING,16.692,29.045,1.87,77.086
2026-01-05T18:30:00,ARRAS,ARR-PK-01,PACKAGING_LINE,RUNNING,13.303,29.635,1.828,80.912
2026-01-05T18:45:00,ARRAS,ARR-PK-01,PACKAGING_LINE,RUNNING,15.151,27.7,1.73,78.233
2026-01-05T19:00:00,ARRAS,ARR-PK-01,PACKAGING_LINE,MAINTENANCE,1.213,23.535,0.144,2.095
2026-01-05T19:15:00,ARRAS,ARR-PK-01,PACKAGING_LINE,IDLE,5.225,25.32,0.807,16.312
2026-01-05T19:30:00,ARRAS,ARR-PK-01,PACKAGING_LINE,RUNNING,15.223,26.906,1.824,81.986
2026-01-05T19:45:00,ARRAS,ARR-PK-01,PACKAGING_LINE,IDLE,4.925,26.536,0.843,15.88
2026-01-05T20:00:00,ARRAS,ARR-PK-01,PACKAGING_LINE,RUNNING,14.957,28.423,1.86,85.091
2026-01-05T20:15:00,ARRAS,ARR-PK-01,PACKAGING_LINE,STOPPED,1.181,22.813,0.203,1.371
2026-01-05T20:30:00,ARRAS,ARR-PK-01,PACKAGING_LINE,RUNNING,15.009,28.788,1.692,79.492
2026-01-05T20:45:00,ARRAS,ARR-PK-01,PACKAGING_LINE,RUNNING,15.226,27.988,1.735,82.481
2026-01-05T21:00:00,ARRAS,ARR-PK-01,PACKAGING_LINE,IDLE,5.25,26.869,0.819,15.586
2026-01-05T21:15:00,ARRAS,ARR-PK-01,PACKAGING_LINE,RUNNING,16.239,25.908,1.891,85.455
2026-01-05T21:30:00,ARRAS,ARR-PK-01,PACKAGING_LINE,RUNNING,14.115,27.118,1.752,78.469
2026-01-05T21:45:00,ARRAS,ARR-PK-01,PACKAGING_LINE,STOPPED,1.272,23.034,0.224,1.413
2026-01-05T22:00:00,ARRAS,ARR-PK-01,PACKAGING_LINE,RUNNING,16.4,27.113,1.79,81.03
2026-01-05T22:15:00,ARRAS,ARR-PK-01,PACKAGING_LINE,IDLE,5.453,26.887,0.832,15.278
2026-01-05T22:30:00,ARRAS,ARR-PK-01,PACKAGING_LINE,RUNNING,14.774,27.527,1.81,82.512
2026-01-05T22:45:00,ARRAS,ARR-PK-01,PACKAGING_LINE,RUNNING,15.178,27.851,1.76,77.955
2026-01-05T23:00:00,ARRAS,ARR-PK-01,PACKAGING_LINE,RUNNING,14.031,28.558,1.854,81.211
2026-01-05T23:15:00,ARRAS,ARR-PK-01,PACKAGING_LINE,RUNNING,15.584,29.659,1.7,79.088
2026-01-05T23:30:00,ARRAS,ARR-PK-01,PACKAGING_LINE,STOPPED,1.368,21.001,0.189,1.323
2026-01-05T23:45:00,ARRAS,ARR-PK-01,PACKAGING_LINE,IDLE,4.558,26.166,0.76,15.988
2026-01-05T10:00:00,ARRAS,ARR-PK-01,PACKAGING_LINE,RUNNING,15.761,27.833,1.837,82.48
2026-01-05T11:00:00,LILLE,LIL-UNK-99,PUMP,RUNNING,10.5,24.0,3.1,90.0
2026-01-05T14:15:00,LILLE,LIL-PM-01,PUMP,RUNNING,,30.1,3.2,118.0
2026-01-05T18:45:00,ARRAS,ARR-PK-01,PACKAGING_LINE,RUNNING,14.2,27.5,1.9,-20.0
2026-01-05T19:00:00,LILLE,LIL-CP-02,COMPRESSOR,BROKEN,20.2,74.2,7.0,210.0
